utc,elapsed_s,volts,speed_kph,odometer_km,soc_pct,energy_kwh,range_mi,dist_since_chg_mi,temp_f,charger_5401_raw,power_kw,cell_avg_v,cell_min_v,cell_max_v,cell_spread_mv,cell_extra_raw,pack_v,pack_a,hv_power_kw,dmc2_v,wheel_fl_kph,wheel_fr_kph,wheel_rl_kph,wheel_rr_kph,brake_kpa,steering_deg,lateral_g,longitudinal_g,array_2b43
2026-09-03T19:49:59.601641Z,0.0,13.9V,119,2225.5,83.955,159.45,278.98,17.27,102.2,00,,4.0132,4.0098,4.0169,7.1,710FB417,386.93,20.7,8.01,13.1,120,120,120,119,0,0.18,0.01274,-0.01274,CDCDCECECECECECECECECECECECECECECECECECECECECECECFCE
2026-09-03T19:50:04.013285Z,4.412,13.9V,117,2225.6,83.955,159.43,278.98,17.34,102.2,00,-16.32,4.0256,4.0238,4.0288,5.0,760FB817,384.88,106.2,40.87,13.1,117,117,117,117,0,-0.37,0.01274,-0.00637,CDCDCECECECECECECECECECECECECECECECECECECECECECECFCE
2026-09-03T19:50:06.761307Z,7.16,13.9V,118,2225.7,83.955,159.4,278.98,17.4,102.2,00,-25.14,4.002,4.0,4.0056,5.6,760FB417,381.73,256.2,97.8,13.1,118,118,117,117,0,-1.17,0.0,0.03186,CDCDCECECECECECECECECECECECECECECECECECECECECECECFCE
2026-09-03T19:50:09.395859Z,9.794,13.9V,121,2225.8,83.955,159.33,278.98,17.46,102.2,00,-44.11,3.9841,3.9806,3.9881,7.5,780FB717,384.88,118.2,45.49,13.1,121,121,120,121,0,0.18,0.01274,0.00637,CDCDCECECECECECECECECECECECECECECECECECECECECECECFCE
2026-09-03T19:50:12.025495Z,12.424,13.9V,120,2225.9,83.955,159.29,278.36,17.52,102.2,00,-46.36,4.0229,4.0209,4.0263,5.4,710FB317,386.4,37.5,14.49,13.1,120,120,120,120,0,1.36,0.0446,-0.01911,CDCDCECECECECECECECECECECECECECECECECECECECECECECFCE
2026-09-03T19:50:14.770150Z,15.169,13.9V,120,2225.9,83.955,159.27,278.36,17.58,102.2,00,-42.72,4.0031,4.0004,4.0071,6.7,780FB317,383.93,162.9,62.54,13.1,120,119,119,120,0,0.55,0.01911,0.01911,CDCDCECECECECECECECECECECECECECECECECECECECECECECFCE
2026-09-03T19:50:17.504040Z,17.903,13.9V,118,2226.0,83.955,159.25,278.36,17.65,102.2,00,-40.22,4.0285,4.0267,4.0326,5.9,710FB817,386.48,37.2,14.38,13.1,118,118,118,118,0,-0.42,0.02548,-0.02548,CDCDCECECECECECECECECECECECECECECECECECECECECECECFCE
2026-09-03T19:50:20.244284Z,20.643,13.9V,115,2226.1,83.955,159.24,278.36,17.65,102.2,00,-36.62,4.03,4.0284,4.0331,4.7,710FB817,387.39,-4.75,-1.84,13.1,116,116,116,116,0,0.24,0.01911,-0.03186,CDCDCECECECECECECECECECECECECECECECECECECECECECECFCE
2026-09-03T19:50:22.853075Z,23.252,13.9V,113,2226.2,83.955,159.24,278.36,17.71,102.2,00,-32.51,4.0303,4.0283,4.0336,5.3,780FB717,386.48,47.1,18.2,13.2,113,113,113,113,0,-0.11,0.01911,-0.01274,CDCDCECECECECECECECECECECECECECECECECECECECECECECFCE
2026-09-03T19:50:25.526157Z,25.925,13.9V,112,2226.3,83.955,159.22,278.36,17.77,102.2,00,-31.94,4.0167,4.0147,4.0205,5.8,760FB717,385.26,103.8,39.99,13.1,112,112,112,112,0,0.0,0.01911,0.0,CDCDCECECECECECECECECECECECECECECECECECECECECECECFCE
2026-09-03T19:50:28.224338Z,28.623,13.9V,111,2226.4,83.955,159.2,278.36,17.83,102.2,00,-31.44,4.0233,4.0216,4.0264,4.8,710FB717,386.48,45.6,17.62,13.1,111,111,111,111,0,0.0,0.01911,-0.01274,CDCDCECECECECECECECECECECECECECECECECECECECECECECFCE
2026-09-03T19:50:30.962196Z,31.361,13.9V,111,2226.5,83.455,159.18,278.36,17.9,102.2,00,-30.99,4.0098,4.0061,4.0145,8.4,780FB417,383.32,156.9,60.14,13.1,110,111,110,110,0,0.0,0.01911,0.00637,CDCDCECECECECECECECECECECECECECECECECECECECECECECFCE
2026-09-03T19:50:33.597717Z,33.996,13.9V,112,2226.5,83.455,159.13,278.36,17.96,102.2,00,-33.89,4.0008,3.9966,4.0049,8.3,710FB517,383.48,179.1,68.68,13.1,112,112,112,112,0,0.0,0.01911,0.01274,CDCDCECECECECECECECECECECECECECECECECECECECECECECFCE
2026-09-03T19:50:36.322158Z,36.721,13.9V,114,2226.6,83.455,159.08,278.36,17.96,102.2,00,-36.27,3.9988,3.9958,4.0032,7.4,740FB817,383.82,172.5,66.21,13.1,114,114,113,113,0,0.0,0.01911,0.01911,CDCDCECECECECECECECECECECECECECECECECECECECECECECFCE
2026-09-03T19:50:38.981102Z,39.38,13.9V,115,2226.7,83.455,159.03,278.36,18.02,100.4,00,-38.4,3.9998,3.9981,4.0033,5.2,760FB717,383.32,168.3,64.51,13.1,115,115,115,115,0,0.48,0.01911,0.01274,CDCDCECECECECECECECECECECECECECECECECECECECECECECFCE
2026-09-03T19:50:41.648974Z,42.048,13.9V,120,2226.8,83.455,158.96,278.36,18.08,100.4,00,-41.95,3.9624,3.9561,3.9672,11.1,710FB817,383.48,155.4,59.59,13.1,119,119,119,119,0,1.12,0.03823,0.03186,CDCDCECECECECECECECECECECECECECECECECECECECECECECECE
2026-09-03T19:50:44.702258Z,45.101,13.9V,120,2226.9,83.455,158.89,277.74,18.14,100.4,00,-44.7,4.007,4.0051,4.0105,5.4,760FB717,384.39,105.0,40.36,13.2,119,120,119,119,0,-0.04,0.01274,-0.00637,CDCDCECECECECECECECECECECECECECECECECECECECECECECECE
2026-09-03T19:50:47.423015Z,47.822,13.9V,118,2227.0,83.455,158.86,277.74,18.21,100.4,00,-44.41,4.0107,4.0081,4.0144,6.3,710FB517,387.54,-32.65,-12.65,13.2,118,119,119,119,0,-0.31,0.00637,-0.02548,CDCDCECECECECECECECECECECECECECECECECECECECECECECECE
2026-09-03T19:50:50.763570Z,51.162,13.9V,118,2227.1,83.455,158.84,277.74,18.27,100.4,00,-42.92,4.0042,4.002,4.0075,5.5,710FB417,384.09,145.2,55.77,13.1,118,118,118,118,0,0.0,0.01911,0.00637,CDCDCECECECECECDCECDCECECECECECECECECECECECECECECECE
2026-09-03T19:50:53.523014Z,53.922,13.8V,120,2227.2,83.455,158.79,277.74,18.33,100.4,00,-44.06,4.0015,3.9991,4.0051,6.0,780FB317,384.0,159.0,61.06,13.1,119,120,119,119,0,0.86,0.02548,0.00637,CDCDCDCDCDCECECDCDCDCDCDCECECECECDCECECECECECECECECE
2026-09-03T19:50:56.211727Z,56.61,13.9V,121,2227.3,83.455,158.75,277.74,18.39,100.4,00,-44.52,4.0095,4.0075,4.0131,5.6,750FB617,385.79,60.3,23.26,13.1,121,121,121,121,0,0.04,0.01911,-0.00637,CDCDCDCDCDCDCECDCDCDCDCDCECECECECDCECECECECECECECECE
2026-09-03T19:50:58.913876Z,59.312,13.9V,121,2227.4,83.455,158.72,277.74,18.45,100.4,00,-44.31,4.0104,4.0075,4.0141,6.6,760FB417,384.24,99.6,38.27,13.2,121,121,121,121,0,-0.92,0.0,-0.00637,CDCDCDCDCDCDCDCDCDCDCDCDCDCECECECDCECECECECECECECECD
2026-09-03T19:51:01.641516Z,62.04,13.9V,121,2227.5,83.455,158.69,277.74,18.52,100.4,00,-46.23,4.0112,4.0087,4.0149,6.2,740FB317,384.24,129.6,49.8,13.2,121,121,121,121,0,0.18,0.03186,0.0,CCCCCDCDCDCDCDCDCDCDCDCDCDCECECECDCDCECECECECECECECD
2026-09-03T19:51:04.368456Z,64.767,13.9V,122,2227.6,83.455,158.64,277.74,18.58,102.2,00,-47.49,3.9882,3.9863,3.9917,5.4,710FB817,382.26,219.6,83.94,13.1,122,122,122,122,0,-0.68,0.00637,0.01274,CCCCCDCDCDCDCDCDCDCDCDCDCDCDCECECDCDCDCECECDCDCECECD
2026-09-03T19:51:07.761425Z,68.16,13.9V,122,2227.7,83.455,158.56,277.12,18.64,102.2,00,-47.49,3.9866,3.9847,3.9903,5.6,710FB717,381.28,249.6,95.17,13.1,122,122,122,122,0,-0.92,0.01274,0.03186,CCCCCDCDCDCDCDCDCDCDCDCDCDCDCDCDCDCDCDCDCDCDCDCDCECD
2026-09-03T19:51:10.564542Z,70.963,13.9V,122,2227.8,83.455,158.49,277.12,18.7,102.2,00,-49.2,3.9811,3.9779,3.9851,7.2,780FB317,382.99,167.7,64.23,13.1,122,123,122,122,0,0.42,0.03186,0.01274,CCCCCDCDCDCDCDCDCDCDCDCDCDCDCDCDCDCDCDCDCDCDCDCDCECD
2026-09-03T19:51:13.218541Z,73.617,13.9V,120,2227.9,83.455,158.44,277.12,18.77,102.2,00,-51.12,3.9961,3.9934,3.9999,6.5,730FB417,383.48,162.3,62.24,13.2,121,120,120,120,0,0.42,0.01911,0.00637,CCCCCDCDCDCDCDCDCDCDCDCDCDCDCDCDCDCDCDCDCDCDCDCDCECD
2026-09-03T19:51:16.369691Z,76.768,13.9V,119,2228.0,83.455,158.38,277.12,18.83,100.4,00,-53.21,3.9929,3.9892,3.9971,7.9,710FB317,381.92,210.9,80.55,13.2,119,119,119,119,0,0.75,0.03823,0.02548,CCCCCDCDCDCDCDCDCDCDCDCDCDCDCDCDCDCDCDCDCDCDCDCDCECD
2026-09-03T19:51:19.129913Z,79.529,13.9V,120,2228.1,83.455,158.32,277.12,18.89,100.4,00,-56.24,3.98,3.9773,3.9838,6.5,780FB717,381.13,248.4,94.67,13.1,120,120,120,120,0,0.42,0.02548,0.03186,CCCCCDCDCDCDCDCDCDCDCDCDCDCDCDCDCDCDCDCDCDCDCDCDCECD
2026-09-03T19:51:21.822389Z,82.221,13.9V,116,2228.2,83.455,158.27,277.12,18.95,100.4,00,-59.22,4.0287,4.0262,4.0321,5.9,780FB517,387.08,-37.75,-14.61,13.1,117,117,117,117,0,-1.06,0.00637,-0.03823,CCCCCDCDCDCDCDCDCDCDCDCDCDCDCDCDCDCDCDCDCDCDCDCDCECD
2026-09-03T19:51:24.580081Z,84.979,13.9V,114,2228.2,83.455,158.28,277.12,19.01,100.4,00,-57.3,3.998,3.9941,4.0026,8.5,760FB417,381.62,208.5,79.57,13.1,114,114,114,114,0,0.0,0.02548,0.03186,CCCCCDCDCDCDCDCDCDCDCDCDCDCDCDCDCDCDCDCDCDCDCDCDCECD
2026-09-03T19:51:27.283801Z,87.682,13.9V,117,2228.3,82.954,158.21,276.5,19.01,100.4,00,-60.35,3.9837,3.9808,3.9875,6.7,780FB417,380.67,295.5,112.49,13.1,116,116,116,116,0,0.18,0.03823,0.05097,CCCCCDCDCDCDCDCDCDCDCDCDCDCDCDCDCDCDCDCDCDCDCDCDCECD
2026-09-03T19:51:29.961272Z,90.36,13.9V,117,2228.4,82.954,158.14,276.5,19.08,100.4,00,-63.46,4.0021,4.0002,4.0058,5.6,730FB817,387.08,12.3,4.76,13.1,118,118,118,118,0,-0.68,0.01911,-0.00637,CCCCCDCDCDCDCDCDCDCDCDCDCDCDCDCDCDCDCDCDCDCDCDCDCECD
2026-09-03T19:51:32.712279Z,93.111,13.9V,114,2228.5,82.954,158.13,276.5,19.14,100.4,00,-60.9,4.0299,4.0263,4.0338,7.5,780FB317,387.24,-41.65,-16.13,13.1,115,115,115,115,0,0.48,0.03823,-0.03823,CCCCCDCDCDCDCDCDCDCDCDCDCDCDCDCDCDCDCDCDCDCDCDCDCECD
2026-09-03T19:51:35.477062Z,95.876,13.9V,112,2228.6,82.954,158.14,276.5,19.2,100.4,00,-57.21,4.0335,4.0319,4.0368,4.9,720FB417,387.73,-39.85,-15.45,13.1,112,112,112,113,0,0.31,0.03186,-0.0446,CCCCCDCDCDCDCDCDCDCDCDCDCDCDCDCDCDCDCDCDCDCDCDCDCECD
2026-09-03T19:51:38.262899Z,98.662,13.9V,115,2228.7,82.954,158.14,276.5,19.26,100.4,00,-54.05,4.0031,4.0004,4.007,6.6,710FB817,383.44,153.0,58.67,13.1,114,113,113,113,0,0.24,0.01274,0.0,CCCCCDCDCDCDCDCDCDCDCDCDCDCDCDCDCDCDCDCDCDCDCDCDCECD
2026-09-03T19:51:41.803282Z,102.202,13.9V,117,2228.8,82.954,158.08,276.5,19.32,100.4,00,-51.07,4.0127,4.0103,4.0159,5.6,710FB317,386.63,2.7,1.04,13.1,117,116,117,117,0,0.04,0.01911,-0.03186,CCCCCDCDCDCDCDCDCDCDCDCDCDCDCDCDCDCDCDCDCDCDCDCDCDCD
2026-09-03T19:51:44.979066Z,105.378,13.9V,116,2228.9,82.954,158.07,276.5,19.39,102.2,00,-49.41,4.032,4.0301,4.0358,5.7,750FB417,387.54,-36.85,-14.28,13.1,116,116,116,116,0,0.04,0.01911,-0.0446,CCCCCDCDCDCDCDCDCDCDCDCDCDCDCDCDCDCDCDCDCDCDCDCDCDCD
2026-09-03T19:51:47.675696Z,108.074,13.9V,118,2229.0,82.954,158.07,276.5,19.45,102.2,00,-48.71,4.0074,4.0044,4.0109,6.5,710FB417,383.97,126.9,48.73,13.1,117,117,117,117,0,0.11,0.02548,-0.00637,CCCCCDCDCDCDCDCDCDCDCDCDCDCDCDCDCDCDCDCDCDCDCDCDCDCD
2026-09-03T19:51:50.427917Z,110.827,13.9V,118,2229.1,82.954,158.03,276.5,19.51,102.2,00,-48.87,4.0226,4.0208,4.026,5.2,710FB817,386.29,11.4,4.4,13.1,118,118,118,119,0,0.0,0.01911,-0.03186,CCCCCDCDCDCDCDCDCDCDCDCDCDCDCDCDCDCDCDCDCDCDCDCDCDCD
2026-09-03T19:51:53.206986Z,113.606,13.9V,116,2229.2,82.954,158.03,276.5,19.57,102.2,00,-45.84,4.0345,4.0328,4.0386,5.8,710FB817,387.54,-42.55,-16.49,13.1,117,117,117,117,0,-0.04,0.01911,-0.03823,CCCCCDCDCDCDCDCDCDCDCDCDCDCDCDCDCDCDCDCDCDCDCDCDCDCD
2026-09-03T19:51:55.901002Z,116.3,13.9V,116,2229.3,82.954,158.04,276.5,19.64,102.2,00,-42.82,4.0119,4.0101,4.0156,5.5,750FB717,383.48,179.1,68.68,13.1,116,116,115,116,0,0.42,0.01911,0.00637,CCCCCDCDCDCDCDCDCDCDCDCDCDCDCDCDCDCDCDCDCDCDCDCDCDCD
2026-09-03T19:51:58.665511Z,119.064,13.9V,121,2229.3,82.954,157.98,276.5,19.7,100.4,00,-44.58,3.9744,3.9721,3.9782,6.1,780FB717,380.97,303.3,115.55,13.1,119,119,119,119,0,0.04,0.01911,0.0446,CCCCCDCDCDCDCDCCCDCCCDCDCDCDCDCDCDCDCDCDCDCDCDCDCDCD
2026-09-03T19:52:01.384924Z,121.784,13.9V,123,2229.4,82.954,157.89,276.5,19.7,100.4,00,-48.21,3.9788,3.9738,3.9835,9.7,710FB517,382.04,239.7,91.57,13.1,122,122,123,123,0,-0.92,0.01274,0.02548,CCCCCCCCCCCCCDCCCCCCCCCCCDCDCDCDCCCDCDCDCDCDCDCDCDCD
2026-09-03T19:52:04.078301Z,124.477,13.9V,125,2229.5,82.954,157.82,275.87,19.76,100.4,00,-49.44,3.9829,3.98,3.9872,7.2,710FB817,381.62,245.1,93.54,13.1,125,124,124,124,0,-0.04,0.03186,0.01911,CCCBCCCCCCCCCCCCCCCCCCCCCCCDCDCDCCCDCDCDCDCDCDCDCDCC
2026-09-03T19:52:06.810154Z,127.209,13.9V,126,2229.6,82.954,157.75,275.87,19.82,100.4,00,-49.38,3.9815,3.9777,3.9858,8.1,780FB417,383.97,112.2,43.08,13.1,126,126,126,126,0,0.68,0.0446,-0.01274,CBCBCCCCCCCCCCCCCCCCCCCCCCCCCDCDCCCCCCCDCDCCCCCDCDCC
2026-09-03T19:52:09.497441Z,129.896,13.9V,125,2229.7,82.954,157.71,275.87,19.88,100.4,00,-47.65,3.9984,3.9964,4.0022,5.8,730FB717,383.51,120.0,46.02,13.1,126,126,125,126,0,0.04,0.03186,-0.00637,CBCBCCCCCCCCCCCCCCCCCCCCCCCCCCCCCCCCCCCDCDCCCCCDCDCC
2026-09-03T19:52:12.185324Z,132.584,13.9V,124,2229.9,82.954,157.68,275.87,19.95,100.4,00,-46.4,4.0034,4.0012,4.007,5.8,760FB717,383.29,134.4,51.51,13.1,124,124,124,124,0,-0.24,0.01274,0.0,CBCBCCCCCCCCCCCCCCCCCCCCCCCCCCCCCCCCCCCCCCCCCCCCCDCC
2026-09-03T19:52:15.749391Z,136.148,13.9V,122,2230.0,82.954,157.64,275.87,20.01,102.2,00,-44.86,4.0107,4.0088,4.0142,5.4,780FB317,386.13,13.8,5.33,13.1,123,123,123,123,0,-0.11,0.01911,-0.02548,CBCBCCCCCCCCCCCCCCCCCCCCCCCCCCCCCCCCCCCCCCCCCCCCCDCC
2026-09-03T19:52:18.918050Z,139.317,13.9V,122,2230.1,82.954,157.62,275.87,20.13,102.2,00,-42.15,3.9994,3.9976,4.0028,5.2,710FB717,382.38,206.7,79.04,13.1,122,122,121,122,0,0.42,0.03186,0.01274,CBCBCCCCCCCCCCCCCCCCCCCCCCCCCCCCCCCCCCCCCCCCCCCCCDCC
2026-09-03T19:52:21.653508Z,142.052,13.9V,123,2230.1,82.954,157.57,275.87,20.13,102.2,00,-42.12,4.0033,4.0003,4.0067,6.4,710FB817,385.83,25.2,9.72,13.1,123,123,123,123,0,0.0,0.01274,-0.02548,CBCBCCCCCCCCCCCCCCCCCCCCCCCCCCCCCCCCCCCCCCCCCCCCCDCC
2026-09-03T19:52:24.391696Z,144.79,13.9V,120,2230.2,82.954,157.55,275.87,20.19,102.2,00,-43.94,4.028,4.0261,4.0318,5.7,780FB617,387.08,-35.65,-13.8,13.1,121,121,121,121,0,0.18,0.02548,-0.03823,CBCBCCCCCCCCCCCCCCCCCCCCCCCCCCCCCCCCCCCCCCCCCCCCCDCC
2026-09-03T19:52:27.121527Z,147.52,13.9V,118,2230.3,82.954,157.56,275.25,20.26,102.2,00,-39.11,4.0278,4.026,4.0318,5.8,760FB817,385.68,56.1,21.64,13.1,118,118,118,118,0,0.55,0.02548,-0.01274,CBCBCCCCCCCCCCCCCCCCCCCCCCCCCCCCCCCCCCCCCCCCCCCCCDCC
2026-09-03T19:52:29.819765Z,150.218,13.9V,116,2230.4,82.954,157.54,275.25,20.32,102.2,00,-36.09,4.0278,4.0257,4.032,6.3,760FB817,386.78,-9.25,-3.58,13.1,117,117,117,117,0,-0.31,0.02548,-0.03823,CBCBCCCCCCCCCCCCCCCCCCCCCCCCCCCCCCCCCCCCCCCCCCCCCDCC
2026-09-03T19:52:32.754879Z,153.153,13.9V,116,2230.5,82.954,157.53,275.25,20.38,102.2,00,-38.34,3.9923,3.99,3.9961,6.1,780FB317,387.24,-37.15,-14.39,13.1,117,117,117,117,0,0.04,0.02548,-0.03186,CBCBCCCCCCCCCCCCCCCCCCCCCCCCCCCCCCCCCCCCCCCCCCCCCDCC
2026-09-03T19:52:35.553371Z,155.952,13.8V,115,2230.6,82.954,157.52,275.25,20.44,102.2,00,-38.96,4.01,4.0076,4.014,6.4,780FB417,384.0,125.4,48.15,13.1,115,115,115,115,0,0.11,0.01911,0.01274,CBCBCCCCCCCCCCCCCCCCCCCCCCCCCCCCCCCCCCCCCCCCCCCCCDCC
2026-09-03T19:52:38.578265Z,158.977,13.9V,117,2230.7,82.954,157.48,275.25,20.51,102.2,00,-38.04,3.9918,3.9896,3.9953,5.7,710FB817,382.22,212.7,81.3,13.1,117,117,116,116,0,0.42,0.02548,0.01274,CBCBCCCCCCCCCCCCCCCCCCCCCCCCCCCCCCCCCCCCCCCCCCCCCDCC
2026-09-03T19:52:41.250249Z,161.649,13.9V,119,2230.8,82.954,157.42,275.25,20.57,102.2,00,-39.97,3.9867,3.983,3.9911,8.1,780FB417,382.68,177.6,67.96,13.1,119,119,119,119,0,0.92,0.03186,0.01911,CBCBCCCCCCCCCCCCCCCCCCCCCCCCCCCCCCCCCCCCCCCCCCCCCDCC
2026-09-03T19:52:43.987107Z,164.386,13.9V,121,2230.9,82.954,157.36,275.25,20.63,102.2,00,-43.32,3.9812,3.9789,3.9847,5.8,710FB317,381.77,204.3,78.0,13.1,121,121,121,121,0,0.11,0.01274,0.01911,CBCBCCCCCCCCCCCCCCCCCCCCCCCCCCCCCCCCCCCCCCCCCCCCCDCC
2026-09-03T19:52:46.651774Z,167.05,13.9V,119,2231.0,82.954,157.32,275.25,20.69,102.2,00,-45.78,4.0274,4.0253,4.0315,6.2,780FB617,386.1,42.0,16.22,13.1,120,120,120,120,0,-0.24,0.01911,-0.03823,CBCBCCCCCCCCCCCCCCCCCCCCCCCCCCCCCCCCCCCCCCCCCCCCCDCC
2026-09-03T19:52:49.400496Z,169.799,13.9V,121,2231.1,82.954,157.29,275.25,20.75,102.2,00,-45.17,3.9874,3.9848,3.9911,6.3,780FB717,383.17,172.2,65.98,13.1,121,121,120,120,0,0.0,0.01274,0.01911,CBCBCCCCCCCCCCCCCCCCCCCCCCCCCCCCCCCCCCCCCCCCCCCCCDCC
2026-09-03T19:52:53.034727Z,173.433,13.9V,119,2231.2,82.454,157.24,275.25,20.82,102.2,,-47.54,4.0203,4.0183,4.0236,5.3,740FB317,386.1,-13.45,-5.19,13.0,119,120,119,119,0,-0.55,0.00637,-0.03823,CBCBCCCCCCCCCCCCCCCCCCCCCCCCCCCCCCCCCCCCCCCCCCCCCDCC
2026-09-03T19:52:55.771387Z,176.17,13.9V,120,2231.3,82.454,157.21,275.25,20.88,102.2,00,-49.91,3.9872,3.984,3.9912,7.2,780FB417,383.63,153.9,59.04,13.1,120,120,119,120,0,0.0,0.01911,0.00637,CBCBCCCCCCCCCCCCCCCCCCCCCCCCCCCCCCCCCCCCCCCCCCCCCCCC
2026-09-03T19:52:58.463644Z,178.862,13.9V,119,2231.4,82.454,157.17,275.25,20.94,102.2,00,-48.76,3.9995,3.9962,4.0043,8.1,780FB317,383.29,117.0,44.84,13.1,120,119,119,120,0,-0.48,0.02548,0.0,CBCBCCCCCCCCCCCCCCCCCCCCCCCCCCCCCCCCCCCCCCCCCCCCCCCC
2026-09-03T19:53:01.154648Z,181.553,13.9V,119,2231.5,82.454,157.13,274.63,20.94,102.2,00,-45.78,3.9949,3.9922,3.9988,6.6,710FB317,382.68,144.9,55.45,13.1,119,119,119,119,0,0.0,0.01274,0.0,CBCBCCCCCCCCCCCBCCCBCCCCCCCCCCCCCCCCCCCCCCCCCCCCCCCC
2026-09-03T19:53:03.816515Z,184.215,13.9V,121,2231.5,82.454,157.08,274.63,21.06,102.2,00,-44.59,3.9776,3.9752,3.9822,7.0,730FB817,380.82,242.1,92.2,13.1,121,121,121,121,0,-0.18,0.01274,0.03186,CBCBCBCBCBCCCCCBCBCBCBCBCCCCCCCCCCCCCCCCCCCCCCCCCCCC
2026-09-03T19:53:06.467720Z,186.866,13.9V,124,2231.7,82.454,157.01,274.63,21.06,102.2,00,-44.66,3.9754,3.9728,3.9795,6.7,760FB717,381.06,216.6,82.54,13.1,124,124,123,124,0,0.11,0.01911,0.03186,CBCACBCBCBCBCBCBCBCBCBCBCBCCCCCCCBCCCCCCCCCCCCCCCCCC
2026-09-03T19:53:09.661007Z,190.06,13.9V,125,2231.7,82.454,156.94,274.63,21.19,102.2,00,-46.35,3.985,3.9822,3.9892,7.0,780FB317,382.07,210.3,80.35,13.1,125,125,125,125,0,1.23,0.03186,0.01274,CBCACBCBCBCBCBCBCBCBCBCBCBCBCCCCCBCCCCCCCCCCCCCCCCCB
2026-09-03T19:53:12.349553Z,192.748,13.9V,126,2231.8,82.454,156.9,274.63,21.19,102.2,00,-47.07,3.9869,3.9845,3.9909,6.4,780FB317,381.5,203.1,77.48,13.1,126,126,125,126,0,0.92,0.01911,0.00637,CACACBCBCBCBCBCBCBCBCBCBCBCBCCCCCBCBCCCCCCCCCBCCCCCB
2026-09-03T19:53:15.056921Z,195.456,13.9V,125,2231.9,82.454,156.85,274.63,21.25,102.2,00,-47.95,4.0023,4.0003,4.0058,5.5,740FB717,383.48,93.9,36.01,13.1,126,126,125,126,0,0.24,0.01274,-0.00637,CACACBCBCBCBCBCBCBCBCBCBCBCBCCCCCBCBCBCCCCCBCBCCCCCB
2026-09-03T19:53:17.791198Z,198.19,13.9V,125,2232.0,82.454,156.82,274.63,21.31,102.2,00,-48.92,3.9921,3.9896,3.9961,6.5,780FB417,384.88,60.3,23.21,13.1,125,126,125,125,0,0.0,0.01911,-0.01911,CACACBCBCBCBCBCBCBCBCBCBCBCBCBCBCBCBCBCBCBCBCBCCCCCB
2026-09-03T19:53:20.438726Z,200.837,13.9V,124,2232.1,82.454,156.8,274.63,21.38,102.2,00,-47.15,3.9966,3.9937,4.0016,7.9,710FB317,382.1,186.9,71.41,13.1,124,124,124,124,0,-0.04,0.01911,0.00637,CACACBCBCBCBCBCBCBCBCBCBCBCBCBCBCBCBCBCBCBCBCBCBCCCB
2026-09-03T19:53:23.131473Z,203.53,13.9V,124,2232.2,82.454,156.75,274.01,21.44,102.2,00,-49.03,3.9885,3.9859,3.9924,6.5,710FB817,385.41,37.8,14.57,13.1,125,125,125,125,0,0.31,0.02548,-0.00637,CACACBCBCBCBCBCBCBCBCBCBCBCBCBCBCBCBCBCBCBCBCBCBCCCB
2026-09-03T19:53:26.096005Z,206.495,13.9V,123,2232.3,82.454,156.74,274.01,21.5,102.2,00,-50.06,3.9918,3.9897,3.9952,5.5,740FB817,383.17,153.9,58.97,13.1,123,123,123,123,0,-0.11,0.01274,0.0,CACACBCBCBCBCBCBCBCBCBCBCBCBCBCBCBCBCBCBCBCBCBCBCCCB
2026-09-03T19:53:28.797006Z,209.196,13.9V,125,2232.4,82.454,156.69,274.01,21.56,102.2,00,-51.88,3.9748,3.9715,3.9789,7.4,780FB417,380.06,265.5,100.91,13.1,124,124,124,124,0,-0.68,0.00637,0.03823,CACACBCBCBCBCBCBCBCBCBCBCBCBCBCBCBCBCBCBCBCBCBCBCCCB
2026-09-03T19:53:31.480039Z,211.879,13.9V,124,2232.5,82.454,156.64,274.01,21.62,102.2,00,-54.56,4.021,4.0192,4.0242,5.0,710FB317,381.31,189.9,72.41,13.1,123,123,123,124,0,0.11,0.01911,-0.03186,CACACBCBCBCBCBCBCBCBCBCBCBCBCBCBCBCBCBCBCBCBCBCBCCCB
2026-09-03T19:53:34.260103Z,214.659,13.9V,126,2232.6,82.454,156.59,274.01,21.69,102.2,00,-57.03,3.9705,3.9676,3.9747,7.1,780FB417,382.22,185.1,70.75,13.1,126,126,126,126,0,0.62,0.03186,0.0,CACACBCBCBCBCBCBCBCBCBCBCBCBCBCBCBCBCBCBCBCBCBCBCCCB
2026-09-03T19:53:36.993543Z,217.392,13.9V,126,2232.7,82.454,156.53,274.01,21.75,102.2,00,-58.55,3.9948,3.9925,3.9984,5.9,710FB317,384.73,44.7,17.2,13.1,126,126,126,126,0,-0.24,0.01274,-0.01274,CACACBCBCBCBCBCBCBCBCBCBCBCBCBCBCBCBCBCBCBCBCBCBCCCB
2026-09-03T19:53:39.638992Z,220.038,13.9V,125,2232.8,82.454,156.51,274.01,21.81,102.2,00,-56.11,3.9956,3.9929,3.9994,6.5,710FB817,383.29,112.5,43.12,13.2,125,125,125,125,0,0.37,0.03186,0.0,CACACBCBCBCBCBCBCBCBCBCBCBCBCBCBCBCBCBCBCBCBCBCBCCCB
2026-09-03T19:53:42.417197Z,222.816,13.9V,126,2232.9,82.454,156.47,274.01,21.87,102.2,00,-54.83,3.9874,3.9845,3.9914,6.9,710FB317,380.67,231.9,88.28,13.1,125,126,125,125,0,0.0,0.01911,0.01274,CACACBCBCBCBCBCBCBCBCBCBCBCBCBCBCBCBCBCBCBCBCBCBCCCB
2026-09-03T19:53:45.810979Z,226.21,13.9V,130,2233.0,82.454,156.38,273.39,21.93,102.2,00,-57.2,3.9491,3.9465,3.9534,6.9,780FB717,381.88,184.8,70.57,13.1,129,129,130,130,0,0.11,0.01911,0.01911,CACACBCBCBCBCBCBCBCBCBCBCBCBCBCBCBCBCBCBCBCBCBCBCCCB
2026-09-03T19:53:49.156966Z,229.556,13.9V,129,2233.1,82.454,156.32,273.39,22.0,102.2,00,-58.44,3.9839,3.9811,3.9878,6.7,710FB317,382.68,153.3,58.66,13.2,129,128,128,128,0,0.11,0.02548,0.01274,CACACBCBCBCBCBCBCBCBCBCBCBCBCBCBCBCBCBCBCBCBCBCBCBCB
2026-09-03T19:53:51.835218Z,232.234,13.9V,128,2233.2,81.953,156.28,273.39,22.06,102.2,00,-58.77,3.9874,3.985,3.9913,6.3,760FB817,385.26,4.5,1.73,13.2,129,129,128,129,0,0.31,0.03186,-0.01911,CACACACACACBCBCACBCACBCACBCBCBCBCBCBCBCBCBCBCBCBCBCB
2026-09-03T19:53:54.595294Z,234.994,13.9V,127,2233.3,81.953,156.25,273.39,22.12,102.2,00,-58.75,3.9892,3.9861,3.9934,7.3,710FB317,385.53,13.8,5.32,13.1,127,127,127,128,0,0.0,0.02548,-0.01911,CACACACACACBCBCACACACACACBCBCBCBCBCBCBCBCBCBCBCBCBCB
2026-09-03T19:53:57.316412Z,237.715,13.9V,125,2233.4,81.953,156.24,273.39,22.18,102.2,00,-56.89,4.0024,4.0004,4.006,5.6,780FB417,383.97,75.3,28.91,13.1,126,125,125,125,0,0.0,0.02548,-0.01274,CACACACACACBCBCACACACACACBCBCBCBCBCBCBCBCBCBCBCBCBCB
2026-09-03T19:54:00.044077Z,240.443,13.9V,124,2233.5,81.953,156.21,273.39,22.25,102.2,00,-56.24,3.988,3.9853,3.9927,7.4,740FB817,384.54,64.2,24.69,13.1,125,125,125,125,0,0.68,0.03186,-0.01911,CACACACACACACBCACACACACACBCBCBCBCBCBCBCBCBCBCBCBCBCB
2026-09-03T19:54:02.747411Z,243.146,13.9V,126,2233.6,81.953,156.17,273.39,22.31,102.2,00,-55.59,3.9627,3.9594,3.9668,7.4,780FB317,378.32,352.8,133.47,13.1,124,124,124,124,0,0.24,0.01911,0.05734,CAC9CACACACACACACACACACACACBCBCBCACBCBCBCBCBCBCBCBCB
2026-09-03T19:54:05.704550Z,246.103,13.9V,123,2233.7,81.953,156.06,273.39,22.37,102.2,00,-57.73,4.0071,4.0051,4.0109,5.8,710FB817,385.49,-25.75,-9.93,13.1,124,125,124,125,0,-0.11,0.01911,-0.03823,CAC9CACACACACACACACACACACACACBCBCACBCBCBCBCBCBCBCBCA
2026-09-03T19:54:08.372409Z,248.771,13.9V,120,2233.8,81.953,156.05,272.77,22.43,102.2,00,-54.57,3.9855,3.9833,3.9894,6.1,780FB317,383.32,110.4,42.32,13.1,121,120,120,120,0,0.18,0.01274,0.0,CAC9CACACACACACACACACACACACACBCBCACACBCBCBCBCBCBCBCA
2026-09-03T19:54:11.077278Z,251.476,13.9V,121,2233.9,81.953,156.01,272.77,22.49,102.2,00,-54.56,3.9647,3.9626,3.9686,6.0,710FB417,376.75,362.7,136.65,13.1,120,120,119,119,0,0.11,0.01274,0.03186,C9C9CACACACACACACACACACACACACBCBCACACBCBCBCACACBCBCA
2026-09-03T19:54:13.751652Z,254.15,13.9V,130,2234.0,81.953,155.88,272.77,22.56,102.2,00,-59.5,3.8894,3.883,3.8964,13.4,780FB717,372.51,657.3,244.85,13.1,126,126,127,127,0,-0.24,0.01911,0.12742,C9C9CACACACACACACACACACACACACACACACACACACACACACACBCA
2026-09-03T19:54:16.536512Z,256.935,13.9V,128,2234.1,81.953,155.73,272.77,22.62,102.2,00,-66.8,3.9954,3.993,3.9992,6.2,740FB817,383.93,33.3,12.78,13.1,128,128,129,129,0,-2.79,-0.01911,-0.01911,C9C9CACACACACACACACACACACACACACACACACACACACACACACBCA
2026-09-03T19:54:19.328001Z,259.727,13.9V,123,2234.2,81.953,155.73,272.77,22.68,102.2,00,-65.41,4.0138,4.0121,4.0175,5.4,720FB817,385.79,-40.45,-15.61,13.1,124,124,124,124,0,-0.24,0.01274,-0.03186,C9C9CACACACACACACACACACACACACACACACACACACACACACACBCA
2026-09-03T19:54:22.332909Z,262.732,13.9V,118,2234.3,81.953,155.73,272.77,22.74,102.2,00,-62.02,4.0163,4.0143,4.0201,5.8,760FB317,389.13,-191.95,-74.69,13.0,120,120,120,121,100,-1.3,0.00637,-0.08283,C9C9CACACACACACACACACACACACACACACACACACACACACACACBCA
2026-09-03T19:54:25.019774Z,265.418,13.9V,112,2234.4,81.953,155.77,272.15,22.8,102.2,00,-59.26,4.0353,4.0318,4.0417,9.9,760FB817,388.0,-123.55,-47.94,13.1,114,114,114,115,0,-0.24,0.01911,-0.07008,C9C9CACACACACACACACACACACACACACACACACACACACACACACBCA
2026-09-03T19:54:28.482287Z,268.881,13.9V,108,2234.5,81.953,155.82,272.15,22.87,102.2,00,-52.48,4.0243,4.0226,4.0277,5.1,780FB317,386.74,-39.25,-15.18,13.1,108,109,108,109,0,-2.11,-0.01911,-0.03823,C9C9CACACACACACACACACACACACACACACACACACACACACACACBCA
2026-09-03T19:54:31.682846Z,272.081,13.9V,107,2234.6,81.953,155.83,272.15,22.93,100.4,00,-47.65,4.0255,4.0238,4.0288,5.0,710FB817,383.78,82.2,31.55,13.1,106,106,106,106,0,0.24,0.02548,-0.01911,C9C9CACACACACACACACACACACACACACACACACACACACACACACBCA
2026-09-03T19:54:34.444754Z,274.843,13.9V,115,2234.7,81.953,155.78,272.15,22.93,102.2,00,-47.0,3.9341,3.93,3.9395,9.5,780FB717,380.06,289.5,110.03,13.1,114,114,114,114,0,1.56,0.0446,0.03823,C9C9CACACACACACACACACACACACACACACACACACACACACACACBCA
2026-09-03T19:54:37.072319Z,277.471,13.9V,121,2234.7,81.953,155.68,272.15,22.99,102.2,00,-52.03,3.962,3.9599,3.9666,6.7,750FB717,381.46,221.4,84.46,13.1,119,119,119,120,0,1.74,0.03186,0.01911,C9C9CACACACACACACACACACACACACACACACACACACACACACACBCA
2026-09-03T19:54:40.308831Z,280.707,13.9V,119,2234.9,81.953,155.63,272.15,23.05,102.2,00,-52.24,4.0179,4.0156,4.0216,6.0,750FB617,386.1,-44.35,-17.12,13.1,120,120,120,120,0,0.48,0.01274,-0.03823,C9C9CACACACACACACACACACACACACACACACACACACACACACACBCA
2026-09-03T19:54:43.017558Z,283.416,13.9V,116,2235.0,81.953,155.64,272.15,23.12,102.2,00,-46.57,4.0204,4.0175,4.0245,7.0,710FB817,386.29,-39.85,-15.39,13.1,116,117,117,117,0,0.37,0.01911,-0.05097,C9C9CACACACACACACACACACACACACACACACACACACACACACACBCA
2026-09-03T19:54:45.727269Z,286.126,13.9V,111,2235.0,81.953,155.65,272.15,23.18,102.2,00,-43.86,4.0221,4.0201,4.0261,6.0,730FB817,388.79,-141.55,-55.03,13.1,113,113,113,113,0,0.0,0.01911,-0.07645,C9C9CACACACACACACACACACACACACACACACACACACACACACACBCA
2026-09-03T19:54:48.464263Z,288.863,13.8V,100,2235.1,81.953,155.69,272.15,23.24,102.2,00,-38.24,4.069,4.0642,4.0766,12.4,780FB117,389.25,-203.05,-79.04,13.0,103,103,103,103,0,-6.73,-0.0446,-0.0892,C9C9CACACACACACACACACACACACACACACACACACACACACACACBCA
2026-09-03T19:54:51.128382Z,291.527,13.9V,96,2235.2,81.953,155.74,272.15,23.3,102.2,00,-32.79,4.0274,4.0258,4.031,5.2,720FB717,386.86,-36.25,-14.02,13.1,98,97,98,98,0,-0.37,0.01274,-0.03823,C9C9CACACACACACACACACACACACACACACACACACACACACACACBCA
2026-09-03T19:54:53.879762Z,294.278,13.9V,92,2235.3,81.953,155.75,272.15,23.36,100.4,00,-30.36,4.0273,4.0257,4.0305,4.8,740FB317,387.08,-42.85,-16.59,13.1,93,93,93,93,0,0.04,0.03186,-0.0446,C9C9CACACACACACACACACACACACACACACACACACACACACACACBCA
2026-09-03T19:54:56.664348Z,297.063,13.9V,83,2235.3,81.953,155.76,272.15,23.43,100.4,00,-29.12,4.0462,4.0441,4.0498,5.7,750FB117,390.35,-238.15,-92.96,13.0,86,86,86,87,0,1.3,0.02548,-0.12742,C9C9CACACACACACACACACACACACACACACACACACACACACACACBCA
2026-09-03T19:54:59.398527Z,299.797,13.9V,75,2235.4,81.953,155.82,272.15,23.43,100.4,00,-23.65,4.0315,4.0298,4.0352,5.4,740FB817,387.2,-46.45,-17.99,13.1,76,77,76,77,0,-2.79,-0.00637,-0.03823,C9C9CACACACACACACACACACACACACACACACACACACACACACACBCA
2026-09-03T19:55:02.144286Z,302.543,13.8V,61,2235.5,81.953,155.84,272.15,23.49,100.4,00,-20.0,4.0664,4.0647,4.0703,5.6,730FB817,390.35,-201.55,-78.68,13.0,65,65,66,65,0,-2.86,0.0,-0.14017,C9C9CACACACACACACACACACACACACACACACACACACACACACACBCA
2026-09-03T19:55:04.816090Z,305.215,13.8V,50,2235.5,81.953,155.9,272.15,23.49,100.4,00,-9.74,4.0453,4.0434,4.0488,5.4,730FB817,387.88,-87.25,-33.84,13.0,52,53,52,52,0,1.06,0.02548,-0.0892,C9C9CACACACACACACACACACACACACACACACACACACACACACACBCA
2026-09-03T19:55:07.502486Z,307.901,13.8V,40,2235.5,81.953,155.92,272.15,23.55,100.4,00,-7.91,4.0394,4.0378,4.0427,4.9,770FB617,388.0,-80.05,-31.06,13.0,43,43,43,43,0,2.18,0.03186,-0.07645,C9C9CACACACACACACACACACACACACACACACACACACACACACBCBCA
2026-09-03T19:55:10.243033Z,310.642,13.8V,28,2235.6,81.953,155.94,272.15,23.55,100.4,00,-4.26,4.0421,4.0404,4.0458,5.4,730FB117,388.15,-81.85,-31.77,12.9,32,32,32,32,0,-0.24,0.01274,-0.12105,C9C9CACACACACACACACACACACACACACBCACACACBCBCACACBCBCA
2026-09-03T19:55:12.971698Z,313.37,13.7V,8,2235.6,81.953,155.97,272.15,23.55,100.4,00,5.47,4.035,4.0334,4.0384,5.0,760FB817,387.08,-15.85,-6.14,13.0,13,13,13,13,0,2.68,0.01911,-0.10194,C9C9CACACACACACACACACACACACACBCBCACACACBCBCACACBCBCA
2026-09-03T19:55:16.711595Z,317.11,13.9V,1,2235.6,81.953,155.98,272.15,23.55,100.4,00,15.68,4.0258,4.0245,4.0291,4.6,740FB417,386.44,8.4,3.25,13.1,2,2,2,2,200,-0.86,0.01911,-0.01274,C9C9CACACACACACACACACACACACACBCBCACACACBCBCACACBCBCA
2026-09-03T19:55:19.769419Z,320.168,13.9V,1,2235.6,81.953,155.98,272.15,23.55,100.4,00,15.67,4.025,4.0233,4.0285,5.2,760FB817,386.82,9.0,3.48,13.1,1,1,1,1,100,-1.43,0.01274,0.01274,C9C9CACACACACACACACACACACACACBCBCACACACBCBCACACBCBCA
2026-09-03T19:55:22.486335Z,322.885,13.9V,0,2235.6,81.953,155.98,272.15,23.55,100.4,00,13.16,4.0248,4.0232,4.0282,5.0,740FB317,386.78,7.5,2.9,13.1,0,0,0,0,200,-1.67,0.01911,0.00637,C9C9CACACACACACACACACACACACACBCBCACACACBCBCACACBCBCA
2026-09-03T19:55:25.789876Z,326.188,13.9V,0,2235.6,81.953,155.98,272.15,23.55,100.4,00,10.05,4.0249,4.0234,4.0282,4.8,730FB417,386.29,6.3,2.43,13.1,0,0,0,0,400,-1.74,0.01911,0.01274,C9C9CACACACACACACACACACACACACBCBCACACACBCBCACACBCBCA
2026-09-03T19:55:28.521449Z,328.92,13.8V,0,2235.6,81.953,155.98,272.15,23.55,100.4,00,9.5,4.0249,4.0235,4.0282,4.7,740FB417,386.63,6.9,2.67,13.1,0,0,0,0,2300,-1.8,0.01911,0.01911,C9C9CACACACACACACACACACACACACBCBCACACACBCBCACACBCBCA
2026-09-03T19:55:31.252235Z,331.651,13.9V,0,2235.6,81.953,155.98,272.15,23.55,100.4,00,9.06,4.0248,4.0233,4.0281,4.8,760FB717,386.48,6.3,2.43,13.1,0,0,0,0,3200,-1.8,0.01911,0.01911,C9C9CACACACACACACACACACACACACBCBCACACACBCBCACACBCBCA
2026-09-03T19:55:34.317917Z,334.716,13.9V,0,2235.6,81.953,155.98,272.15,23.55,102.2,00,12.03,4.0249,4.0234,4.0282,4.8,760FB417,386.48,6.6,2.55,13.1,0,0,0,0,2800,-1.8,0.01911,0.01911,C9C9CACACACACACACACACACACACACBCBCACACACBCBCACACBCBCA
2026-09-03T19:55:37.019132Z,337.418,13.9V,0,2235.6,81.953,155.98,272.15,23.55,102.2,00,18.02,4.0249,4.0234,4.0281,4.7,740FB417,386.44,6.6,2.55,13.1,0,0,0,0,2700,-1.8,0.01911,0.01274,C9C9CACACACACACACACACACACACACBCBCACACACBCBCACACBCBCA
2026-09-03T19:55:39.645495Z,340.044,13.9V,0,2235.6,81.953,155.98,272.15,23.55,102.2,00,21.23,4.0249,4.0234,4.0282,4.8,760FB417,386.44,6.0,2.32,13.1,0,0,0,0,2300,-1.8,0.01911,0.01911,C9C9CACACACACACACACACACACACACBCBCACACACBCBCACACBCBCA
2026-09-03T19:55:42.353763Z,342.752,13.9V,0,2235.6,81.953,155.98,272.15,23.55,102.2,00,20.63,4.0248,4.0234,4.0281,4.7,740FB417,386.63,6.3,2.44,13.1,0,0,0,0,2100,-1.8,0.01911,0.01274,C9C9CACACACACACACACACACACACACBCBCACACACBCBCACACBCBCA
2026-09-03T19:55:45.063176Z,345.462,13.9V,0,2235.6,81.953,155.98,272.15,23.55,102.2,00,20.02,4.0247,4.0233,4.028,4.7,740FB417,386.63,6.3,2.44,13.1,0,0,0,0,2400,-1.8,0.01911,0.01911,C9C9CACACACACACACACACACACACACBCBCACACACBCBCACACBCBCA
2026-09-03T19:55:47.686333Z,348.085,13.9V,0,2235.6,81.953,155.98,272.15,23.55,102.2,00,17.63,4.0248,4.0234,4.0281,4.7,710FB417,386.63,6.0,2.32,13.1,0,0,0,0,3200,-1.8,0.01911,0.01911,C9C9CACACACACACACACACACACACACBCBCACACACBCBCACACBCBCA
2026-09-03T19:55:50.472450Z,350.871,13.9V,0,2235.6,81.953,155.98,272.15,23.55,102.2,00,14.56,4.0247,4.0234,4.028,4.6,710FB417,386.29,6.6,2.55,13.1,0,0,0,0,3200,-1.8,0.01911,0.01911,C9C9CACACACACACACACACACACACACACBCACACACBCBCACACBCBCA
2026-09-03T19:55:53.647058Z,354.046,13.9V,0,2235.6,81.953,155.98,272.15,23.55,102.2,00,13.85,4.0249,4.0234,4.0281,4.7,760FB417,386.44,5.7,2.2,13.2,0,0,0,0,3200,-1.8,0.01911,0.01911,C9C9CACACACACACACACACACACACACACBCACACACBCBCACACBCBCA
2026-09-03T19:55:56.318258Z,356.717,13.9V,0,2235.6,81.953,155.97,272.15,23.55,102.2,00,12.67,4.0248,4.0234,4.028,4.6,710FB317,386.48,6.6,2.55,13.1,0,0,0,0,3200,-1.8,0.01911,0.01274,C9C9CACACACACACACACACACACACACACBCACACACBCBCACACBCBCA
2026-09-03T19:55:59.020438Z,359.419,13.9V,0,2235.6,81.953,155.97,272.15,23.55,102.2,00,9.06,4.0248,4.0234,4.0281,4.7,740FB417,386.44,6.6,2.55,13.1,0,0,0,0,3200,-1.8,0.01911,0.01911,C9C9CACACACACACACACACACACACACACBCACACACBCBCACACBCBCA
2026-09-03T19:56:01.718976Z,362.118,13.9V,3,2235.6,81.953,155.97,272.15,23.55,102.2,00,7.86,4.0248,4.0234,4.0281,4.7,760FB417,386.32,16.5,6.37,13.1,0,0,0,0,100,-1.8,0.01911,0.09557,C9C9CACACACACACACACACACACACACACBCACACACBCBCACACBCBCA
2026-09-03T19:56:04.468470Z,364.867,13.9V,24,2235.6,81.953,155.96,272.15,23.55,102.2,00,3.62,3.9981,3.9963,4.0016,5.3,780FB717,382.72,223.2,85.42,13.1,17,17,17,17,0,-11.24,0.01274,0.28033,C9C9CACACACACACACACACACACACACACACACACACACACACACBCBCA
2026-09-03T19:56:07.175875Z,367.574,13.8V,35,2235.6,81.953,155.9,272.15,23.55,102.2,00,-1.21,3.9898,3.987,3.9937,6.7,780FB717,386.13,13.2,5.1,13.1,36,36,35,36,0,3.81,0.02548,0.00637,C9C9CACACACACACACACACACACACACACACACACACACACACACACBCA
2026-09-03T19:56:10.644548Z,371.043,13.9V,30,2235.7,81.953,155.88,272.15,23.61,102.2,00,-5.62,4.0261,4.0244,4.0295,5.1,760FB817,386.74,-17.95,-6.94,13.1,30,32,29,32,0,156.82,0.38227,-0.05097,C9C9CACACACACACACACACACACACACACACACACACACACACACACBCA
2026-09-03T19:56:13.330849Z,373.729,13.9V,36,2235.7,81.953,155.88,272.15,23.61,102.2,00,-6.36,3.9981,3.996,4.0019,5.9,760FB817,384.39,106.8,41.05,13.1,34,35,34,35,0,43.23,0.15291,0.10194,C9C9CACACACACACACACACACACACACACACACACACACACACACACBCA
2026-09-03T19:56:16.066775Z,376.465,13.9V,31,2235.7,81.953,155.86,272.15,23.61,102.2,00,-7.28,4.0267,4.025,4.0301,5.1,780FB417,387.54,-54.25,-21.02,13.0,33,33,33,34,0,-3.12,0.00637,-0.05734,C9C9CACACACACACACACACACACACACACACACACACACACACACACBCA
2026-09-03T19:56:18.680628Z,379.079,13.8V,20,2235.7,81.953,155.88,272.15,23.67,102.2,00,-6.11,4.0387,4.0372,4.0423,5.1,730FB817,388.15,-82.45,-32.0,13.0,24,24,24,24,0,1.8,0.01911,-0.15291,C9C9CACACACACACACACACACACACACACACACACACACACACACACBCA
2026-09-03T19:56:21.370159Z,381.769,13.8V,5,2235.7,81.953,155.9,272.15,23.67,102.2,00,-4.89,4.0301,4.0285,4.0335,5.0,760FB817,386.44,-3.85,-1.49,13.1,9,9,9,9,1000,0.92,0.01274,-0.17202,C9C9CACACACACACACACACACACACACACACACACACACACACACACBCA
2026-09-03T19:56:24.065838Z,384.464,13.8V,0,2235.7,81.953,155.9,272.15,23.67,102.2,00,-4.94,4.0242,4.0228,4.0274,4.6,710FB317,386.48,6.6,2.55,13.1,0,0,0,0,1300,-10.19,0.01911,-0.00637,C9C9CACACACACACACACACACACACACACACACACACACACACACACBCA
2026-09-03T19:56:26.772393Z,387.171,13.9V,0,2235.7,81.953,155.9,272.15,23.67,102.2,00,-4.94,4.0241,4.0226,4.0273,4.7,760FB417,386.44,5.7,2.2,13.1,0,0,0,0,1700,-10.12,0.01274,0.0,C9C9CACACACACACACACACACACACACACACACACACACACACACACBCA
2026-09-03T19:56:29.422149Z,389.821,13.9V,0,2235.7,81.953,155.9,272.15,23.67,102.2,00,-4.95,4.0241,4.0226,4.0273,4.7,740FB417,386.48,6.3,2.43,13.1,0,0,0,0,1700,-9.99,0.01274,0.0,C9C9CACACACACACACACACACACACACACACACACACACACACACACBCA
2026-09-03T19:56:32.112896Z,392.512,13.8V,0,2235.7,81.953,155.9,272.15,23.67,102.2,00,-4.98,4.0241,4.0226,4.0273,4.7,760FB317,386.29,6.0,2.32,13.1,0,0,0,0,1700,-9.99,0.01911,0.0,C9C9CACACACACACACACACACACACACACACACACACACACACACACBCA
2026-09-03T19:56:34.814815Z,395.213,13.9V,0,2235.7,81.953,155.9,272.15,23.67,102.2,00,-4.98,4.0242,4.0228,4.0274,4.6,740FB417,386.48,6.3,2.43,13.1,0,0,0,0,1700,-9.99,0.01274,0.0,C9C9CACACACACACACACACACACACACACACACACACACACACACACBCA
2026-09-03T19:56:37.461911Z,397.86,13.8V,0,2235.7,81.953,155.9,272.15,23.67,102.2,00,-4.98,4.0243,4.0228,4.0276,4.8,760FB417,386.63,6.0,2.32,13.1,0,0,0,0,1600,-9.99,0.01911,0.0,C9C9CACACACACACACACACACACACACACACACACACACACACACACBCA
2026-09-03T19:56:40.209304Z,400.608,13.8V,17,2235.7,81.953,155.9,272.15,23.67,102.2,00,-4.98,4.0113,4.0097,4.0147,5.0,710FB717,384.43,129.9,49.94,13.0,11,11,11,11,0,0.62,0.01911,0.22936,C9C9CACACACACACACACACACACACACACACACACACACACACACACBCA
2026-09-03T19:56:42.923465Z,403.322,13.8V,26,2235.8,81.953,155.87,272.15,23.67,102.2,00,-6.84,4.0109,4.0093,4.0142,4.9,740FB717,385.49,48.0,18.5,13.1,24,24,25,25,0,1.17,0.01274,0.0446,C9C9CACACACACACACACACACACACACACACACACACACACACACACBCA
2026-09-03T19:56:45.620321Z,406.019,13.9V,28,2235.8,81.953,155.85,272.15,23.67,102.2,00,-8.08,4.0238,4.0222,4.0271,4.9,760FB717,386.1,8.7,3.36,13.1,28,28,28,28,0,1.8,0.02548,-0.01274,C9C9CACACACACACACACACACACACACACACACACACACACACACACBCA
2026-09-03T19:56:48.323974Z,408.723,13.9V,32,2235.8,81.953,155.85,272.15,23.67,102.2,00,-8.09,4.0174,4.0158,4.0206,4.8,740FB317,385.79,36.6,14.12,13.1,31,31,32,32,0,0.0,0.01274,0.02548,C9C9CACACACACACACACACACACACACACACACACACACACACACACBCA
2026-09-03T19:56:51.041870Z,411.44,13.9V,32,2235.8,81.953,155.84,272.15,23.74,102.2,00,-8.78,4.028,4.0263,4.0314,5.1,710FB817,386.78,-5.35,-2.07,13.1,32,31,31,32,0,-0.48,0.01911,-0.01911,C9C9CACACACACACACACACACACACACACACACACACACACACACACBCA
2026-09-03T19:56:53.778996Z,414.178,13.9V,33,2235.8,81.953,155.85,272.15,23.74,102.2,00,-7.52,4.0205,4.0191,4.0239,4.8,710FB817,386.1,26.1,10.08,13.1,32,32,32,32,0,-0.68,0.01911,0.01274,C9C9CACACACACACACACACACACACACACACACACACACACACACACBCA
2026-09-03T19:56:56.456541Z,416.855,13.9V,32,2235.9,81.953,155.84,272.15,23.74,102.2,00,-8.15,4.0283,4.0267,4.0318,5.1,770FB817,387.08,-23.95,-9.27,13.1,32,32,32,32,0,-1.87,0.01911,-0.03186,C9C9CACACACACACACACACACACACACACACACACACACACACACACBCA
2026-09-03T19:56:59.053431Z,419.452,13.9V,28,2235.9,81.953,155.85,272.15,23.74,102.2,00,-7.53,4.0286,4.0272,4.032,4.8,720FB817,386.71,-20.65,-7.99,13.1,29,29,29,29,0,0.31,0.01911,-0.03823,C9C9CACACACACACACACACACACACACACACACACACACACACACACBCA
2026-09-03T19:57:01.719271Z,422.118,13.9V,26,2235.9,81.953,155.86,272.15,23.74,102.2,00,-6.6,4.0255,4.0241,4.0287,4.6,780FB317,386.93,-3.85,-1.49,13.1,26,26,26,26,0,-0.68,0.01911,-0.01274,C9C9CACACACACACACACACACACACACACACACACACACACACACACBCA
2026-09-03T19:57:04.359048Z,424.758,13.9V,21,2235.9,81.953,155.86,272.15,23.8,102.2,00,-6.01,4.0281,4.0265,4.0317,5.2,740FB817,387.39,-30.85,-11.95,13.0,23,23,23,23,100,-0.79,0.01274,-0.06371,C9C9CACACACACACACACACACACACACACACACACACACACACACACBCA
2026-09-03T19:57:07.032347Z,427.431,13.8V,10,2236.0,81.953,155.87,272.15,23.8,102.2,00,-1.8,4.0314,4.03,4.0347,4.7,760FB417,386.9,-27.25,-10.54,13.1,13,13,13,13,200,17.73,0.02548,-0.1338,C9C9CACACACACACACACACACACACACACACACACACACACACACACBCA
2026-09-03T19:57:09.619721Z,430.018,13.8V,0,2236.0,81.953,155.87,272.15,23.8,100.4,00,-0.61,4.0249,4.0234,4.0282,4.8,760FB817,386.44,7.5,2.9,13.1,1,1,1,1,700,0.0,0.01274,-0.05097,C9C9CACACACACACACACACACACACACACACACACACACACACACACBCA
2026-09-03T19:57:13.262290Z,433.661,13.9V,0,2236.0,81.953,155.87,272.15,23.8,100.4,00,-0.6,4.0247,4.0232,4.028,4.8,740FB817,386.63,6.6,2.55,13.1,0,0,0,0,400,0.0,0.01274,0.0,C9C9CACACACACACACACACACACACACACACACACACACACACACACBCA
2026-09-03T19:57:16.125419Z,436.524,13.9V,0,2236.0,81.953,155.87,272.15,23.8,100.4,00,-0.63,4.0246,4.0228,4.0278,5.0,780FB317,386.48,5.4,2.09,13.1,0,0,0,0,400,0.0,0.01274,0.0,C9C9CACACACACACACACACACACACACACACACACACACACACACACBCA
2026-09-03T19:57:18.768741Z,439.167,13.9V,8,2236.0,81.953,155.87,272.15,23.8,100.4,00,-1.88,4.0216,4.0195,4.0253,5.8,750FB417,385.49,56.1,21.63,13.0,3,3,3,3,0,-1.56,0.01911,0.18476,C9C9CACACACACACACACACACACACACACACACACACACACACACACBCA
2026-09-03T19:57:21.355561Z,441.754,13.8V,22,2236.0,81.953,155.85,272.15,23.8,100.4,00,-3.0,4.0069,4.0053,4.0103,5.0,780FB717,384.88,90.6,34.87,13.1,19,19,19,19,0,2.18,0.01911,0.11468,C9C9CACACACACACACACACACACACACACACACACACACACACACACBCA
2026-09-03T19:57:24.026437Z,444.425,13.9V,26,2236.0,81.953,155.83,272.15,23.8,100.4,00,-4.2,4.016,4.014,4.0194,5.4,760FB817,385.37,57.6,22.2,13.0,25,25,25,25,0,0.11,0.01274,0.0446,C9C9CACACACACACACACACACACACACACACACACACACACACACACBCA
2026-09-03T19:57:26.759418Z,447.158,13.9V,32,2236.0,81.953,155.81,272.15,23.8,100.4,00,-5.4,4.0106,4.009,4.014,5.0,720FB317,384.88,76.8,29.56,13.1,30,30,29,30,0,-0.04,-0.00637,0.05734,C9C9CACACACACACACACACACACACACACACACACACACACACACACBCA
2026-09-03T19:57:29.604020Z,450.003,13.9V,39,2236.0,81.953,155.78,272.15,23.86,100.4,00,-7.51,4.0004,3.9971,4.0051,8.0,710FB417,383.29,132.9,50.94,13.1,37,37,37,37,0,-3.67,-0.01274,0.0892,C9C9CACACACACACACACACACACACACACACACACACACACACACACBCA
2026-09-03T19:57:32.267725Z,452.666,13.9V,44,2236.1,81.953,155.75,272.15,23.86,100.4,00,-9.4,4.0014,3.9994,4.0051,5.7,750FB817,384.7,73.5,28.28,13.1,43,43,43,43,0,-2.35,-0.01274,0.05097,C9C9CACACACACACACACACACACACACACACACACACACACACACACBCA
2026-09-03T19:57:34.975198Z,455.374,13.9V,40,2236.1,81.953,155.74,272.15,23.86,100.4,00,-10.01,4.0269,4.0251,4.0302,5.1,780FB317,386.9,-26.65,-10.31,13.1,41,41,41,42,0,-8.29,-0.07645,-0.03186,C9C9CACACACACACACACACACACACACACACACACACACACACACACBCA
2026-09-03T19:57:37.610223Z,458.009,13.9V,42,2236.1,81.953,155.74,272.15,23.86,100.4,00,-10.03,4.0129,4.0107,4.0166,5.9,710FB817,385.07,90.6,34.89,13.0,41,42,41,41,0,-4.42,-0.01274,0.05097,C9C9CACACACACACACACACACACACACACACACACACACACACACACBCA
2026-09-03T19:57:40.283789Z,460.682,13.9V,40,2236.2,81.953,155.73,272.15,23.92,100.4,00,-8.79,4.0227,4.0206,4.0264,5.8,760FB817,386.29,34.2,13.21,13.0,40,40,40,40,0,-1.61,0.0,0.01911,C9C9CACACACACACACACACACACACACACACACACACACACACACACBCA
2026-09-03T19:57:43.003773Z,463.402,13.9V,35,2236.2,81.953,155.73,272.15,23.92,100.4,00,-7.53,4.0297,4.028,4.0331,5.1,740FB817,387.05,-50.95,-19.72,13.1,37,37,37,37,0,0.0,-0.00637,-0.08283,C9C9CACACACACACACACACACACACACACACACACACACACACACACBCA
2026-09-03T19:57:45.595821Z,465.994,13.8V,28,2236.2,81.953,155.74,272.15,23.92,100.4,00,-6.6,4.0389,4.0371,4.0431,6.0,760FB817,386.93,-18.55,-7.18,13.1,29,29,29,29,0,-1.17,-0.01274,-0.03823,C9C9CACACACACACACACACACACACACACACACACACACACACACACBCA
2026-09-03T19:57:48.265272Z,468.664,13.9V,32,2236.2,81.953,155.74,272.15,23.92,100.4,00,-6.61,4.0108,4.0089,4.0144,5.5,730FB817,385.19,73.8,28.43,13.1,31,31,31,31,0,-2.11,-0.01274,0.05734,C9C9CACACACACACACACACACACACACACACACACACACACACACACBCA
2026-09-03T19:57:50.992661Z,471.391,13.9V,33,2236.3,81.953,155.72,272.15,23.98,100.4,00,-7.21,4.0171,4.0154,4.0205,5.1,730FB717,386.9,-22.45,-8.69,13.1,34,34,34,34,0,-0.42,-0.01274,-0.03186,C9C9CACACACACACACACACACACACACACACACACACACACACACACBCA
2026-09-03T19:57:53.699485Z,474.098,13.9V,27,2236.3,81.953,155.73,272.15,23.98,100.4,00,-7.21,4.029,4.0276,4.0325,4.9,740FB817,387.2,-58.75,-22.75,13.0,29,29,29,30,0,0.37,-0.00637,-0.07008,C9C9CACACACACACACACACACACACACACACACACACACACACACACBCA
2026-09-03T19:57:56.397012Z,476.796,13.8V,15,2236.3,81.953,155.74,272.15,23.98,100.4,00,-6.01,4.0348,4.0332,4.0383,5.1,760FB417,387.54,-54.85,-21.26,13.1,19,19,19,19,0,-4.36,-0.01274,-0.12742,C9C9CACACACACACACACACACACACACACACACACACACACACACACBCA
2026-09-03T19:57:59.054115Z,479.453,13.9V,6,2236.3,81.953,155.75,272.15,23.98,100.4,00,-6.91,4.0277,4.0262,4.0309,4.7,740FB717,386.56,-3.55,-1.37,13.1,8,8,8,8,100,-0.79,-0.01911,-0.07008,C9C9CACACACACACACACACACACACACACACACACACACACACACACBCA
2026-09-03T19:58:01.728945Z,482.128,13.9V,2,2236.3,81.953,155.75,272.15,23.98,100.4,00,-6.9,4.0244,4.023,4.0277,4.7,740FB417,386.48,8.7,3.36,13.1,2,2,2,2,100,-6.12,-0.01274,0.0,C9C9CACACACACACACACACACACACACACACACACACACACACACACBCA
2026-09-03T19:58:05.176714Z,485.575,13.9V,7,2236.3,81.953,155.75,272.15,24.05,100.4,00,-7.43,4.0228,4.0212,4.0261,4.9,760FB817,385.91,23.4,9.03,13.1,4,4,4,4,0,-3.17,-0.01911,0.0446,C9C9CACACACACACACACACACACACACACACACACACACACACACACBCA
2026-09-03T19:58:08.664430Z,489.063,13.9V,10,2236.3,81.953,155.74,272.15,24.05,100.4,00,-7.93,4.0198,4.0183,4.0231,4.8,740FB317,385.95,32.7,12.62,13.1,9,9,9,9,0,-2.24,-0.01274,0.05734,C9C9CACACACACACACACACACACACACACACACACACACACACACACBCA
2026-09-03T19:58:11.448678Z,491.847,13.8V,18,2236.3,81.953,155.73,272.15,24.05,100.4,00,-8.66,4.0099,4.0084,4.0133,4.9,780FB317,386.44,26.7,10.32,13.1,17,17,17,17,0,-0.92,-0.01911,0.05734,C9C9CACACACACACACACACACACACACACACACACACACACACACACBCA
2026-09-03T19:58:14.133394Z,494.532,13.9V,16,2236.3,81.953,155.72,272.15,24.05,100.4,00,-9.31,4.0242,4.0228,4.0275,4.7,740FB417,386.44,5.1,1.97,13.1,16,16,16,16,0,-0.31,-0.02548,0.0,C9C9CACACACACACACACACACACACACACACACACACACACACACACBCA
2026-09-03T19:58:16.796496Z,497.195,13.9V,26,2236.4,81.953,155.72,272.15,24.05,100.4,00,-9.31,4.0028,4.0011,4.0066,5.5,730FB417,383.32,150.6,57.73,13.0,22,22,22,22,0,0.11,-0.01911,0.15928,C9C9CACACACACACACACACACACACACACACACACACACACACACACBCA
2026-09-03T19:58:19.454575Z,499.853,13.9V,39,2236.4,81.953,155.67,272.15,24.05,100.4,00,-11.15,3.9899,3.987,3.9939,6.9,760FB117,383.29,165.9,63.59,13.0,36,36,36,36,0,-2.35,-0.03186,0.12742,C9C9CACACACACACACACACACACACACACACACACACACACACACACBCA
2026-09-03T19:58:22.284614Z,502.683,13.9V,36,2236.4,81.953,155.64,272.15,24.05,100.4,00,-11.74,4.0261,4.0245,4.0294,4.9,740FB817,386.56,-26.35,-10.19,13.1,37,37,37,37,0,-5.43,-0.03823,-0.03823,C9C9CACACACACACACACACACACACACACACACACACACACACACACBCA
2026-09-03T19:58:24.876049Z,505.275,13.9V,34,2236.4,81.953,155.65,272.15,24.11,100.4,00,-9.91,4.0253,4.0235,4.0288,5.3,760FB817,385.19,85.2,32.82,13.1,33,33,33,33,0,-1.56,-0.01911,0.05734,C9C9CACACACACACACACACACACACACACACACACACACACACACACBCA
2026-09-03T19:58:27.568530Z,507.967,13.9V,30,2236.5,81.953,155.64,272.15,24.11,100.4,00,-8.7,4.0267,4.0251,4.03,4.9,780FB417,387.73,-71.95,-27.9,13.0,34,34,34,34,100,0.0,-0.01274,-0.07645,C9C9CACACACACACACACACACACACACACACACACACACACACACACBCA
2026-09-03T19:58:30.281596Z,510.68,13.8V,5,2236.5,81.953,155.67,272.15,24.11,100.4,00,-4.96,4.0328,4.0314,4.0363,4.9,750FB817,386.78,-7.15,-2.77,13.1,11,11,11,11,2200,-2.68,-0.01274,-0.26759,C9C9CACACACACACACACACACACACACACACACACACACACACACACBCA
2026-09-03T19:58:32.941814Z,513.34,13.9V,0,2236.5,81.953,155.67,272.15,24.11,100.4,00,-4.35,4.0233,4.0218,4.0267,4.9,760FB417,386.29,6.6,2.55,13.1,0,0,0,0,500,-1.3,-0.00637,0.01274,C9C9CACACACACACACACACACACACACACACACACACACACACACACBCA
2026-09-03T19:58:35.632827Z,516.031,13.9V,0,2236.5,81.953,155.67,272.15,24.11,100.4,00,-4.34,4.0232,4.0217,4.0268,5.1,760FB817,386.29,6.0,2.32,13.1,0,0,0,0,500,-1.12,-0.00637,0.0,C9C9CACACACACACACACACACACACACACACACACACACACACACACBCA
2026-09-03T19:58:38.451541Z,518.85,13.9V,0,2236.5,81.953,155.66,272.15,24.11,100.4,00,-4.33,4.0232,4.0218,4.0265,4.7,740FB417,386.48,5.7,2.2,13.1,0,0,0,0,800,-1.12,-0.00637,0.0,C9C9CACACACACACACACACACACACACACACACACACACACACACACBCA
2026-09-03T19:58:42.921926Z,523.32,13.9V,0,2236.5,81.953,155.66,272.15,24.11,100.4,00,-4.21,4.0234,4.0219,4.0266,4.7,760FB417,386.44,5.4,2.09,13.1,0,0,0,0,800,-1.12,-0.00637,0.0,C9C9CACACACACACACACACACACACACACACACACACACACACACACBCA
2026-09-03T19:58:46.389232Z,526.788,13.9V,0,2236.5,81.953,155.66,272.15,24.11,100.4,00,-4.95,4.0234,4.0219,4.0266,4.7,760FB417,386.44,5.4,2.09,13.1,0,0,0,0,800,-1.12,-0.00637,0.0,C9C9CACACACACACACACACACACACACACACACACACACACACACACBCA
2026-09-03T19:58:50.043478Z,530.442,13.9V,0,2236.5,81.953,155.66,272.15,24.11,100.4,00,-3.66,4.0234,4.0219,4.0267,4.8,760FB417,386.48,5.4,2.09,13.1,0,0,0,0,900,-1.12,-0.00637,0.0,C9C9CACACACACACACACACACACACACACACACACACACACACACACBCA
2026-09-03T19:58:53.982221Z,534.381,13.9V,0,2236.5,81.953,155.66,272.15,24.11,100.4,00,-5.0,4.0234,4.022,4.0267,4.7,760FB717,386.44,5.7,2.2,13.1,0,0,0,0,900,-1.12,-0.00637,0.0,C9C9CACACACACACACACACACACACACACACACACACACACACACACBCA
2026-09-03T19:58:57.694257Z,538.093,13.9V,0,2236.5,81.953,155.65,272.15,24.11,100.4,00,-6.14,4.0235,4.0221,4.0268,4.7,710FB817,386.63,5.4,2.09,13.1,0,0,0,0,900,-1.17,-0.00637,0.0,C9C9CACACACACACACACACACACACACACACACACACACACACACACBCA
2026-09-03T19:59:01.426022Z,541.825,13.9V,0,2236.5,81.953,155.65,272.15,24.11,100.4,00,-6.03,4.0236,4.0222,4.0269,4.7,740FB417,386.44,5.4,2.09,13.1,0,0,0,0,1900,-1.17,-0.01274,0.0,C9C9CACACACACACACACACACACACACACACACACACACACACACACBCA
2026-09-03T19:59:06.313477Z,546.712,13.9V,0,2236.5,81.953,155.65,272.15,24.11,102.2,00,-5.62,4.0237,4.0223,4.027,4.7,740FB817,386.44,4.8,1.85,13.1,0,0,0,0,2000,-1.17,-0.00637,0.00637,C9C9CACACACACACACACACACACACACACACACACACACACACACACBCA
2026-09-03T19:59:10.780691Z,551.179,13.9V,0,2236.5,81.953,155.64,272.15,24.11,102.2,00,-5.46,4.0236,4.0222,4.0269,4.7,760FB417,386.59,4.8,1.86,13.1,0,0,0,0,2100,-1.17,-0.00637,0.0,C9C9CACACACACACACACACACACACACACACACACACACACACACACBCA
2026-09-03T19:59:14.547179Z,554.946,13.9V,0,2236.5,81.953,155.64,272.15,24.11,102.2,00,-4.99,4.0238,4.0224,4.0271,4.7,740FB417,386.63,5.1,1.97,13.1,0,0,0,0,2300,-1.17,-0.00637,0.0,C9C9CACACACACACACACACACACACACACACACACACACACACACACBCA
2026-09-03T19:59:18.335484Z,558.734,13.9V,0,2236.5,81.953,155.64,272.15,24.11,102.2,00,-1.83,4.0238,4.0224,4.0271,4.7,760FB717,386.78,4.8,1.86,13.1,0,0,0,0,2300,-1.17,-0.00637,0.0,C9C9CACACACACACACACACACACACACACACACACACACACACACACBCA
2026-09-03T19:59:21.823141Z,562.222,13.9V,0,2236.5,81.953,155.64,272.15,24.11,102.2,00,0.0,4.0237,4.0223,4.027,4.7,760FB417,386.48,5.1,1.97,13.1,0,0,0,0,2900,-1.17,-0.00637,0.0,C9C9CACACACACACACACACACACACACACACACACACACACACACACBCA
2026-09-03T19:59:25.556042Z,565.955,13.9V,21,2236.5,81.953,155.63,272.15,24.11,102.2,00,-0.62,4.0127,4.0112,4.0161,4.9,710FB417,383.78,135.6,52.04,13.1,13,13,13,13,0,-1.17,0.0,0.20388,C9C9CACACACACACACACACACACACACACACACACACACACACACACBCA
2026-09-03T19:59:29.488437Z,569.887,13.9V,27,2236.5,81.953,155.58,272.15,24.11,102.2,00,-5.47,4.0085,4.0067,4.012,5.3,740FB317,386.9,-35.65,-13.79,13.0,30,31,30,31,0,59.93,0.17202,-0.03823,C9C9CACACACACACACACACACACACACACACACACACACACACACACBCA
2026-09-03T19:59:33.503824Z,573.902,13.9V,31,2236.5,81.953,155.58,272.15,24.17,102.2,00,-5.6,4.0084,4.0067,4.012,5.3,710FB417,384.09,126.9,48.74,13.1,26,27,25,27,0,108.11,0.21662,0.11468,C9C9CACACACACACACACACACACACACACACACACACACACACACACBCA
2026-09-03T19:59:37.158687Z,577.557,13.9V,42,2236.6,81.953,155.53,272.15,24.17,102.2,00,-7.97,3.9913,3.9891,3.9952,6.1,730FB717,384.7,71.4,27.47,13.2,40,40,40,40,0,0.92,0.03186,0.03823,C9C9C9C9C9CACAC9CAC9CAC9CACACACACACACACACACACACACACA
2026-09-03T19:59:41.539692Z,581.938,13.9V,48,2236.6,81.953,155.49,271.52,24.17,102.2,00,-10.44,4.0133,4.0117,4.0167,5.0,710FB717,384.43,89.1,34.25,13.2,47,46,46,46,0,-0.18,0.0446,0.05097,C9C9C9C9C9CACAC9C9C9C9C9CACACACACACACACACACACACACACA
2026-09-03T19:59:45.672569Z,586.071,13.9V,41,2236.7,81.953,155.47,271.52,24.23,102.2,00,-11.54,4.0315,4.0296,4.0355,5.9,760FB817,388.11,-118.75,-46.09,13.0,46,45,45,45,0,0.79,0.03186,-0.14017,C9C9C9C9C9C9CAC9C9C9C9C9CACACACACACACACACACACACACACA
2026-09-03T19:59:49.271845Z,589.67,13.8V,14,2236.7,81.953,155.52,271.52,24.23,102.2,00,-8.51,4.0474,4.0445,4.0519,7.4,780FB617,387.54,-61.75,-23.93,13.0,20,18,20,18,500,-169.31,-0.14017,-0.22299,C9C9C9CAC9CACAC9CAC9CAC9CACACACACACACACACACACACACACA
2026-09-03T19:59:52.867740Z,593.266,13.9V,17,2236.7,81.953,155.54,271.52,24.3,102.2,00,-7.34,4.0146,4.013,4.018,5.0,780FB717,384.73,92.7,35.66,13.1,15,13,15,13,0,-203.37,-0.0892,0.12105,C9C9CACAC9CACAC9CAC9CACACACACACACACACACACACACACACACA
2026-09-03T19:59:55.609655Z,596.008,13.9V,23,2236.8,81.953,155.5,271.52,24.3,102.2,00,-9.32,4.0105,4.0091,4.0139,4.8,710FB317,387.2,-43.45,-16.82,13.0,27,27,27,27,0,2.42,0.01274,-0.07645,C9C9C9C9C9CACAC9C9C9C9C9CACACACACACACACACACACACACACA
2026-09-03T20:00:02.593002Z,602.992,13.9V,16,2236.8,81.953,155.5,271.52,24.3,100.4,00,-9.59,4.0258,4.0241,4.0293,5.2,760FB817,386.74,-14.65,-5.67,13.1,19,19,19,19,0,2.11,0.02548,-0.03186,C9C9C9C9C9CACAC9C9C9C9C9CACACACACACACACACACACACACACA
2026-09-03T20:00:05.276172Z,605.675,13.8V,6,2236.8,81.953,155.51,271.52,24.3,100.4,00,-8.55,4.0255,4.024,4.0287,4.7,760FB317,386.63,7.8,3.02,13.0,7,6,7,6,100,-260.81,-0.01911,-0.02548,C9C9C9C9C9CACAC9C9C9C9C9CACACACACACACACACACACACACACA
2026-09-03T20:00:07.950160Z,608.349,13.9V,6,2236.8,81.953,155.51,271.52,24.3,100.4,00,-8.19,4.022,4.0205,4.0253,4.8,760FB317,386.48,8.7,3.36,13.1,7,6,7,5,0,-292.38,0.0,0.01274,C9C9C9C9C9CACAC9C9C9C9C9CACACACACACACACACACACACACACA
2026-09-03T20:00:10.539924Z,610.938,13.9V,0,2236.8,81.953,155.51,271.52,24.36,100.4,00,-7.83,4.0231,4.0215,4.0264,4.9,760FB317,386.1,4.8,1.85,13.1,1,1,1,1,900,-39.69,0.00637,-0.09557,C9C9C9C9C9CACAC9C9C9C9C9CACACACACACACACACACACACACACA
2026-09-03T20:00:13.190648Z,613.589,13.9V,0,2236.8,81.953,155.51,271.52,24.36,100.4,00,-7.98,4.0229,4.0215,4.0262,4.7,740FB817,386.44,5.1,1.97,13.2,0,0,0,0,3200,-35.68,0.01274,-0.00637,C9C9C9C9C9CACAC9C9C9C9C9CACACACACACACACACACACACACACA
2026-09-03T20:00:15.903125Z,616.302,13.9V,0,2236.8,81.953,155.51,271.52,24.36,100.4,00,-8.13,4.023,4.0215,4.0263,4.8,760FB417,386.44,4.8,1.85,13.1,0,0,0,0,3100,-35.55,0.00637,-0.00637,C9C9C9C9C9CACAC9C9C9C9C9CACACACACACACACACACACACACACA
2026-09-03T20:00:18.588878Z,618.987,13.9V,0,2236.8,81.953,155.5,271.52,24.36,100.4,00,-8.88,4.023,4.0216,4.0263,4.7,740FB817,386.1,4.5,1.74,13.1,0,0,0,0,2300,-35.42,0.01274,-0.00637,C9C9C9C9C9CACAC9C9C9C9C9CACACACACACACACACACACACACACA
2026-09-03T20:00:21.302830Z,621.701,13.9V,0,2236.8,81.953,155.5,271.52,24.36,100.4,00,-8.47,4.023,4.0217,4.0263,4.6,740FB417,386.44,5.4,2.09,13.1,0,0,0,0,2300,-35.38,0.01274,-0.00637,C9C9C9C9C9CACAC9C9C9C9C9CACACACACACACACACACACACACACA
2026-09-03T20:00:23.998568Z,624.397,13.9V,0,2236.8,81.953,155.5,271.52,24.36,100.4,00,-8.01,4.023,4.0216,4.0263,4.7,740FB417,386.44,4.5,1.74,13.1,0,0,0,0,2300,-35.38,0.00637,-0.00637,C9C9C9C9C9CACAC9C9C9C9C9CACACACACACACACACACACACACACA
2026-09-03T20:00:26.712683Z,627.111,13.9V,0,2236.8,81.953,155.5,271.52,24.36,100.4,00,-5.03,4.0231,4.0217,4.0264,4.7,740FB817,386.44,4.5,1.74,13.1,0,0,0,0,2300,-35.31,0.01274,0.0,C9C9C9C9C9CACAC9C9C9C9C9CACACACACACACACACACACACACACA
2026-09-03T20:00:29.383426Z,629.782,13.9V,0,2236.8,81.953,155.5,271.52,24.36,100.4,00,-4.81,4.0231,4.0217,4.0264,4.7,740FB817,386.44,4.8,1.85,13.1,0,0,0,0,2300,-35.31,0.01274,-0.00637,C9C9C9C9C9CACAC9C9C9C9C9CACACACACACACACACACACACACACA
2026-09-03T20:00:32.086449Z,632.485,13.9V,0,2236.8,81.953,155.5,271.52,24.36,100.4,00,-4.92,4.0231,4.0217,4.0264,4.7,760FB417,386.44,4.5,1.74,13.1,0,0,0,0,2300,-35.31,0.00637,-0.00637,C9C9C9C9C9CACAC9C9C9C9C9CACACACACACACACACACACACACACA
2026-09-03T20:00:34.782933Z,635.181,13.9V,0,2236.8,81.953,155.5,271.52,24.36,100.4,00,-1.87,4.0231,4.0216,4.0264,4.8,760FB817,386.63,4.8,1.86,13.2,0,0,0,0,2300,-35.31,0.01274,-0.00637,C9C9C9C9C9CACAC9C9C9C9C9CACACACACACACACACACACACACACA
2026-09-03T20:00:37.505506Z,637.904,13.9V,0,2236.8,81.953,155.49,271.52,24.36,100.4,00,0.0,4.0231,4.0217,4.0264,4.7,760FB417,386.29,5.1,1.97,13.1,0,0,0,0,2300,-35.24,0.01274,-0.00637,C9C9C9C9C9CACAC9C9C9C9C9CACACACACACACACACACACACACACA
2026-09-03T20:00:40.687365Z,641.086,13.9V,0,2236.8,81.953,155.49,271.52,24.36,100.4,00,0.0,4.0232,4.0217,4.0264,4.7,760FB417,386.29,5.1,1.97,13.2,0,0,0,0,2300,-35.24,0.01274,-0.00637,C9C9C9C9C9CACAC9C9C9C9C9CACACACACACACACACACACACACACA
2026-09-03T20:00:43.484482Z,643.883,13.9V,0,2236.8,81.953,155.49,271.52,24.36,100.4,00,1.25,4.0233,4.0218,4.0266,4.8,760FB717,386.63,5.1,1.97,13.2,0,0,0,0,2100,-35.24,0.00637,-0.00637,C9C9C9C9C9C9CAC9C9C9C9C9CACACACACACACACACACACACACACA
2026-09-03T20:00:46.109511Z,646.508,13.9V,0,2236.8,81.953,155.49,271.52,24.36,100.4,00,-1.9,4.0233,4.0218,4.0265,4.7,760FB317,386.44,4.5,1.74,13.2,0,0,0,0,2300,-35.24,0.01274,-0.00637,C9C9C9C9C9C9CAC9C9C9C9C9CACACACACACACACACACACACACACA
2026-09-03T20:00:48.711676Z,649.11,13.9V,0,2236.8,81.953,155.49,271.52,24.36,102.2,00,-1.82,4.0233,4.0218,4.0266,4.8,760FB417,386.29,4.5,1.74,13.1,0,0,0,0,2300,-35.24,0.01274,0.0,C9C9C9C9C9C9CAC9C9C9C9C9CACACACACACACACACACACACACACA
2026-09-03T20:00:51.472989Z,651.872,13.9V,,,81.953,155.49,271.52,24.36,102.2,00,-3.07,4.0233,4.0218,4.0266,4.8,740FB817,386.29,5.1,1.97,13.2,0,0,0,0,1900,-35.24,0.01274,-0.00637,C9C9C9C9C9C9CAC9C9C9C9C9CACACACACACACACACACACACACACA
2026-09-03T20:00:58.807519Z,659.206,13.9V,,,81.953,155.48,271.52,24.36,102.2,00,-1.28,4.0241,4.0226,4.0273,4.7,760FB417,386.25,0.9,0.35,13.2,0,0,0,0,0,-38.37,0.01274,-0.00637,C9C9C9C9C9C9CAC9C9C9C9C9CACACACACACACACACACACACACACA
2026-09-03T20:01:12.460573Z,672.859,13.9V,,,81.953,155.48,271.52,24.36,102.2,00,-1.82,4.0243,4.0229,4.0276,4.7,740FB417,386.4,0.6,0.23,13.2,0,0,0,0,0,-39.36,0.01274,-0.00637,C9C9C9C9C9C9CAC9C9C9C9C9CACACACACACACACACACACACACACA
2026-09-03T20:01:21.947158Z,682.346,14.0V,,,81.953,155.48,271.52,24.36,102.2,00,-1.24,4.0244,4.023,4.0277,4.7,740FB417,386.44,0.6,0.23,13.2,0,0,0,0,0,-39.36,0.01274,-0.00637,C9C9C9C9C9C9CAC9C9C9C9C9CACACACACACACACACACACACACACA
2026-09-03T20:01:26.760672Z,687.159,13.9V,,,81.953,155.48,271.52,24.36,102.2,00,-1.25,4.0244,4.023,4.0277,4.7,740FB417,386.59,0.6,0.23,13.2,0,0,0,0,0,-39.42,0.01274,-0.01274,C9C9C9C9C9C9CAC9C9C9C9C9CACACACACACACACACACACACACACA
2026-09-03T20:01:37.675299Z,698.074,13.9V,,,81.953,155.48,271.52,24.36,102.2,00,-0.63,4.0245,4.0231,4.0278,4.7,760FB417,386.59,0.9,0.35,13.2,0,0,0,0,0,-39.42,0.01274,-0.00637,C9C9C9C9C9C9CAC9C9C9C9C9CACACACACACACACACACACACACACA
2026-09-03T20:01:49.090683Z,709.489,13.9V,,,81.953,155.48,271.52,24.36,102.2,00,-0.62,4.0246,4.0232,4.0279,4.7,740FB817,386.78,0.9,0.35,13.2,0,0,0,0,0,-39.42,0.01274,-0.01274,C9C9C9C9C9C9CAC9C9C9C9C9CACACACACACACACACACACACACACA
2026-09-03T20:01:52.917130Z,713.316,13.9V,,,81.953,155.48,271.52,24.36,102.2,00,0.0,4.0246,4.0232,4.0279,4.7,740FB417,386.59,0.6,0.23,13.2,0,0,0,0,0,-39.42,0.01274,-0.01274,C9C9C9C9C9C9CAC9C9C9C9C9CACACACACACACACACACACACACACA
2026-09-03T20:01:57.105365Z,717.504,13.9V,,,81.953,155.48,271.52,24.36,102.2,00,0.0,4.0246,4.0232,4.0279,4.7,760FB317,386.44,0.6,0.23,13.2,0,0,0,0,0,-39.42,0.01274,-0.01274,C9C9C9C9C9C9CAC9C9C9C9C9CACACACACACACACACACACACACACA
