ts_utc,volts,can_status,status
2026-09-02T02:12:45Z,13.9,T:00 R:00,ok
2026-09-02T02:17:50Z,13.9,T:00 R:00,ok
2026-09-02T02:22:51Z,13.9,T:00 R:00,ok
2026-09-02T02:27:52Z,13.9,T:00 R:00,ok
2026-09-02T02:32:53Z,13.9,T:00 R:00,ok
2026-09-02T02:37:54Z,13.9,T:00 R:00,ok
2026-09-02T02:42:55Z,13.9,T:00 R:00,ok
2026-09-02T02:47:56Z,13.9,T:00 R:00,ok
2026-09-02T02:52:57Z,13.9,T:00 R:00,ok
2026-09-02T03:11:29Z,13.8,T:00 R:00,ok
2026-09-02T03:16:31Z,13.8,T:00 R:00,ok
2026-09-02T03:21:32Z,13.4,T:00 R:00,ok
2026-09-02T03:22:48Z,13.8,T:00 R:00,ok
2026-09-02T03:28:41Z,13.8,T:00 R:00,ok
2026-09-02T03:33:43Z,13.9,T:00 R:00,ok
2026-09-02T03:38:44Z,13.9,T:00 R:00,ok
2026-09-02T03:43:45Z,13.9,T:00 R:00,ok
2026-09-02T03:48:46Z,13.7,T:00 R:00,ok
2026-09-02T03:53:47Z,13.9,T:00 R:00,ok
2026-09-02T03:58:48Z,13.8,T:00 R:00,ok
2026-09-02T04:03:49Z,13.9,T:00 R:00,ok
2026-09-02T04:08:50Z,13.9,T:00 R:00,ok
2026-09-02T04:13:51Z,13.9,T:00 R:00,ok
2026-09-02T04:18:52Z,13.9,T:00 R:00,ok
2026-09-02T04:23:53Z,13.8,T:00 R:00,ok
2026-09-02T04:28:54Z,13.8,T:00 R:00,ok
2026-09-02T04:33:55Z,13.6,T:00 R:00,ok
2026-09-02T04:38:56Z,13.6,T:00 R:00,ok
2026-09-02T04:43:57Z,13.6,T:00 R:00,ok
2026-09-02T04:48:58Z,13.6,T:00 R:00,ok
2026-09-02T04:53:59Z,13.9,T:00 R:00,ok
2026-09-02T04:59:01Z,13.9,T:00 R:00,ok
2026-09-02T05:04:02Z,13.9,T:00 R:00,ok
2026-09-02T05:09:03Z,13.9,T:00 R:00,ok
2026-09-02T05:14:04Z,13.9,T:00 R:00,ok
2026-09-02T05:19:05Z,13.9,T:00 R:00,ok
2026-09-02T05:24:06Z,13.9,T:00 R:00,ok
2026-09-02T05:29:07Z,13.9,T:00 R:00,ok
2026-09-02T05:34:08Z,13.9,T:00 R:00,ok
2026-09-02T05:39:09Z,13.9,T:00 R:00,ok
2026-09-02T05:44:10Z,13.9,T:00 R:00,ok
2026-09-02T05:49:11Z,13.9,T:00 R:00,ok
2026-09-02T05:54:12Z,13.8,T:00 R:00,ok
2026-09-02T05:59:13Z,12.5,T:00 R:00,ok
2026-09-02T06:04:14Z,12.9,T:00 R:00,ok
2026-09-02T06:09:15Z,12.9,T:00 R:00,ok
2026-09-02T06:14:16Z,12.9,T:00 R:00,ok
2026-09-02T06:19:17Z,12.9,T:00 R:00,ok
2026-09-02T06:24:18Z,12.9,T:00 R:00,ok
2026-09-02T06:29:19Z,12.9,T:00 R:00,ok
2026-09-02T06:34:20Z,12.9,T:00 R:00,ok
2026-09-02T06:39:21Z,12.9,T:00 R:00,ok
2026-09-02T06:44:22Z,12.9,T:00 R:00,ok
2026-09-02T06:49:24Z,12.9,T:00 R:00,ok
2026-09-02T06:54:25Z,12.9,T:00 R:00,ok
2026-09-02T06:59:26Z,12.9,T:00 R:00,ok
2026-09-02T07:04:27Z,12.9,T:00 R:00,ok
2026-09-02T07:09:28Z,12.9,T:00 R:00,ok
2026-09-02T07:14:29Z,12.8,T:00 R:00,ok
2026-09-02T07:19:30Z,12.9,T:00 R:00,ok
2026-09-02T07:24:31Z,12.9,T:00 R:00,ok
2026-09-02T07:29:32Z,12.9,T:00 R:00,ok
2026-09-02T07:34:33Z,12.9,T:00 R:00,ok
2026-09-02T07:39:34Z,12.9,T:00 R:00,ok
2026-09-02T07:44:35Z,12.9,T:00 R:00,ok
2026-09-02T07:49:36Z,12.9,T:00 R:00,ok
2026-09-02T07:54:37Z,12.9,T:00 R:00,ok
2026-09-02T07:59:38Z,12.9,T:00 R:00,ok
2026-09-02T08:04:39Z,12.9,T:00 R:00,ok
2026-09-02T08:09:40Z,12.9,T:00 R:00,ok
2026-09-02T08:14:41Z,12.9,T:00 R:00,ok
2026-09-02T08:19:42Z,12.9,T:00 R:00,ok
2026-09-02T08:24:43Z,12.8,T:00 R:00,ok
2026-09-02T08:29:44Z,12.9,T:00 R:00,ok
2026-09-02T08:34:45Z,12.6,T:00 R:00,ok
2026-09-02T08:39:46Z,12.9,T:00 R:00,ok
2026-09-02T08:44:47Z,12.9,T:00 R:00,ok
2026-09-02T08:49:48Z,12.9,T:00 R:00,ok
2026-09-02T08:54:49Z,12.9,T:00 R:00,ok
2026-09-02T08:59:50Z,12.9,T:00 R:00,ok
2026-09-02T09:04:51Z,12.9,T:00 R:00,ok
2026-09-02T09:09:52Z,12.9,T:00 R:00,ok
2026-09-02T09:14:53Z,12.9,T:00 R:00,ok
2026-09-02T09:19:54Z,12.9,T:00 R:00,ok
2026-09-02T09:24:55Z,12.9,T:00 R:00,ok
2026-09-02T09:29:56Z,12.9,T:00 R:00,ok
2026-09-02T09:34:57Z,12.9,T:00 R:00,ok
2026-09-02T09:39:58Z,12.6,T:00 R:00,ok
2026-09-02T09:44:59Z,12.8,T:00 R:00,ok
2026-09-02T09:50:00Z,12.9,T:00 R:00,ok
2026-09-02T09:55:01Z,12.9,T:00 R:00,ok
2026-09-02T10:00:02Z,12.8,T:00 R:00,ok
2026-09-02T10:05:03Z,12.8,T:00 R:00,ok
2026-09-02T10:10:04Z,12.8,T:00 R:00,ok
2026-09-02T10:15:05Z,12.8,T:00 R:00,ok
2026-09-02T10:20:07Z,12.8,T:00 R:00,ok
2026-09-02T10:25:08Z,12.8,T:00 R:00,ok
2026-09-02T10:30:09Z,12.8,T:00 R:00,ok
2026-09-02T10:35:10Z,12.8,T:00 R:00,ok
2026-09-02T10:40:11Z,12.8,T:00 R:00,ok
2026-09-02T10:45:12Z,12.6,T:00 R:00,ok
2026-09-02T10:50:13Z,12.8,T:00 R:00,ok
2026-09-02T10:55:14Z,12.8,T:00 R:00,ok
2026-09-02T11:00:15Z,12.8,T:00 R:00,ok
2026-09-02T11:05:16Z,12.8,T:00 R:00,ok
2026-09-02T11:10:17Z,12.8,T:00 R:00,ok
2026-09-02T11:15:18Z,12.8,T:00 R:00,ok
2026-09-02T11:20:19Z,12.8,T:00 R:00,ok
2026-09-02T11:25:20Z,12.8,T:00 R:00,ok
2026-09-02T11:30:21Z,12.8,T:00 R:00,ok
2026-09-02T11:35:22Z,12.8,T:00 R:00,ok
2026-09-02T11:40:23Z,12.8,T:00 R:00,ok
2026-09-02T11:45:24Z,12.8,T:00 R:00,ok
2026-09-02T11:50:25Z,12.8,T:00 R:00,ok
2026-09-02T11:55:26Z,12.8,T:00 R:00,ok
2026-09-02T12:00:27Z,12.8,T:00 R:00,ok
2026-09-02T12:05:28Z,12.8,T:00 R:00,ok
2026-09-02T12:10:29Z,12.8,T:00 R:00,ok
2026-09-02T12:15:30Z,12.8,T:00 R:00,ok
2026-09-02T12:20:31Z,12.8,T:00 R:00,ok
2026-09-02T12:25:32Z,12.8,T:00 R:00,ok
2026-09-02T12:30:33Z,12.8,T:00 R:00,ok
2026-09-02T12:35:34Z,12.8,T:00 R:00,ok
2026-09-02T12:40:35Z,12.8,T:00 R:00,ok
2026-09-02T12:45:36Z,12.8,T:00 R:00,ok
2026-09-02T12:50:37Z,13.5,T:00 R:00,ok
2026-09-02T12:55:38Z,13.5,T:00 R:00,ok
2026-09-02T13:00:39Z,12.7,T:00 R:00,ok
2026-09-02T13:05:40Z,12.9,T:00 R:00,ok
2026-09-02T13:10:41Z,12.9,T:00 R:00,ok
2026-09-02T13:15:42Z,12.9,T:00 R:00,ok
2026-09-02T13:20:43Z,12.9,T:00 R:00,ok
2026-09-02T13:25:44Z,12.9,T:00 R:00,ok
2026-09-02T13:30:45Z,12.8,T:00 R:00,ok
2026-09-02T13:35:46Z,12.8,T:00 R:00,ok
2026-09-02T13:40:47Z,12.8,T:00 R:00,ok
2026-09-02T13:45:49Z,12.8,T:00 R:00,ok
2026-09-02T13:50:50Z,12.8,T:00 R:00,ok
2026-09-02T13:55:51Z,12.8,T:00 R:00,ok
2026-09-02T14:00:52Z,12.8,T:00 R:00,ok
2026-09-02T14:05:53Z,12.8,T:00 R:00,ok
2026-09-02T14:10:54Z,12.5,T:00 R:00,ok
2026-09-02T14:15:55Z,12.8,T:00 R:00,ok
2026-09-02T14:20:56Z,12.8,T:00 R:00,ok
2026-09-02T14:25:57Z,12.8,T:00 R:00,ok
2026-09-02T14:30:58Z,12.8,T:00 R:00,ok
2026-09-02T14:35:59Z,12.8,T:00 R:00,ok
2026-09-02T14:41:00Z,12.8,T:00 R:00,ok
2026-09-02T14:46:01Z,12.8,T:00 R:00,ok
2026-09-02T14:51:02Z,12.8,T:00 R:00,ok
2026-09-02T14:56:03Z,12.8,T:00 R:00,ok
2026-09-02T15:01:04Z,12.8,T:00 R:00,ok
2026-09-02T15:06:05Z,12.8,T:00 R:00,ok
2026-09-02T15:11:06Z,12.8,T:00 R:00,ok
2026-09-02T15:16:07Z,12.8,T:00 R:00,ok
2026-09-02T15:21:08Z,12.5,T:00 R:00,ok
2026-09-02T15:26:09Z,12.8,T:00 R:00,ok
2026-09-02T15:28:41Z,12.8,T:00 R:00,ok
